record_id,csv_line,food_name,rule_id,original_values,risk_level,review_status,evidence,suggested_action,source_sha256
696036851f95fa11d0a381ccd752afc1aa8a3ecca54a1fd0cf0279ac57a3ebe7:2,2,Chicken Breast,UNKNOWN_PROVENANCE_AND_BASIS,{},medium,needs_review,CSV未提供来源、单位、份量或字段定义；所有营养关系检查待核实。,保留原值，人工核实；不用于自动纠错。,696036851f95fa11d0a381ccd752afc1aa8a3ecca54a1fd0cf0279ac57a3ebe7
696036851f95fa11d0a381ccd752afc1aa8a3ecca54a1fd0cf0279ac57a3ebe7:2,2,Chicken Breast,ENERGY_449_DEVIATION,"{""Calories"": ""279"", ""Carbohydrates"": ""46.2"", ""Fats"": ""11.2"", ""Fibre"": ""7.5"", ""Protein"": ""26.6""}",medium,needs_review,条件性辅助估算E0=392.0；偏差>20%；不是自动纠错标准。,保留原值，人工核实；不用于自动纠错。,696036851f95fa11d0a381ccd752afc1aa8a3ecca54a1fd0cf0279ac57a3ebe7
696036851f95fa11d0a381ccd752afc1aa8a3ecca54a1fd0cf0279ac57a3ebe7:2,2,Chicken Breast,ENERGY_FIBRE_SCREEN,"{""Calories"": ""279"", ""Carbohydrates"": ""46.2"", ""Fats"": ""11.2"", ""Fibre"": ""7.5"", ""Protein"": ""26.6""}",high,needs_review,"条件性宽松范围[362.0,407.0]，容差55.8；不能覆盖所有能量体系。",保留原值，人工核实；不用于自动纠错。,696036851f95fa11d0a381ccd752afc1aa8a3ecca54a1fd0cf0279ac57a3ebe7
696036851f95fa11d0a381ccd752afc1aa8a3ecca54a1fd0cf0279ac57a3ebe7:3,3,Salmon,UNKNOWN_PROVENANCE_AND_BASIS,{},medium,needs_review,CSV未提供来源、单位、份量或字段定义；所有营养关系检查待核实。,保留原值，人工核实；不用于自动纠错。,696036851f95fa11d0a381ccd752afc1aa8a3ecca54a1fd0cf0279ac57a3ebe7
696036851f95fa11d0a381ccd752afc1aa8a3ecca54a1fd0cf0279ac57a3ebe7:3,3,Salmon,SUGAR_GT_CARBS,"{""Carbohydrates"": ""36.3"", ""Sugar"": ""46.5""}",high,needs_review,前提：相同计量基准、相同单位且糖属于该碳水定义；小差异需考虑四舍五入。,保留原值，人工核实；不用于自动纠错。,696036851f95fa11d0a381ccd752afc1aa8a3ecca54a1fd0cf0279ac57a3ebe7
696036851f95fa11d0a381ccd752afc1aa8a3ecca54a1fd0cf0279ac57a3ebe7:4,4,Eggs,UNKNOWN_PROVENANCE_AND_BASIS,{},medium,needs_review,CSV未提供来源、单位、份量或字段定义；所有营养关系检查待核实。,保留原值，人工核实；不用于自动纠错。,696036851f95fa11d0a381ccd752afc1aa8a3ecca54a1fd0cf0279ac57a3ebe7
696036851f95fa11d0a381ccd752afc1aa8a3ecca54a1fd0cf0279ac57a3ebe7:4,4,Eggs,ENERGY_449_DEVIATION,"{""Calories"": ""531"", ""Carbohydrates"": ""74.2"", ""Fats"": ""31.6"", ""Fibre"": ""4.7"", ""Protein"": ""48.2""}",medium,needs_review,条件性辅助估算E0=774.0；偏差>20%；不是自动纠错标准。,保留原值，人工核实；不用于自动纠错。,696036851f95fa11d0a381ccd752afc1aa8a3ecca54a1fd0cf0279ac57a3ebe7
696036851f95fa11d0a381ccd752afc1aa8a3ecca54a1fd0cf0279ac57a3ebe7:4,4,Eggs,ENERGY_FIBRE_SCREEN,"{""Calories"": ""531"", ""Carbohydrates"": ""74.2"", ""Fats"": ""31.6"", ""Fibre"": ""4.7"", ""Protein"": ""48.2""}",high,needs_review,"条件性宽松范围[755.2,783.4]，容差106.2；不能覆盖所有能量体系。",保留原值，人工核实；不用于自动纠错。,696036851f95fa11d0a381ccd752afc1aa8a3ecca54a1fd0cf0279ac57a3ebe7
696036851f95fa11d0a381ccd752afc1aa8a3ecca54a1fd0cf0279ac57a3ebe7:5,5,Tofu,UNKNOWN_PROVENANCE_AND_BASIS,{},medium,needs_review,CSV未提供来源、单位、份量或字段定义；所有营养关系检查待核实。,保留原值，人工核实；不用于自动纠错。,696036851f95fa11d0a381ccd752afc1aa8a3ecca54a1fd0cf0279ac57a3ebe7
696036851f95fa11d0a381ccd752afc1aa8a3ecca54a1fd0cf0279ac57a3ebe7:5,5,Tofu,ENERGY_449_DEVIATION,"{""Calories"": ""187"", ""Carbohydrates"": ""62.6"", ""Fats"": ""4.9"", ""Fibre"": ""14.9"", ""Protein"": ""40.4""}",medium,needs_review,条件性辅助估算E0=456.1；偏差>20%；不是自动纠错标准。,保留原值，人工核实；不用于自动纠错。,696036851f95fa11d0a381ccd752afc1aa8a3ecca54a1fd0cf0279ac57a3ebe7
696036851f95fa11d0a381ccd752afc1aa8a3ecca54a1fd0cf0279ac57a3ebe7:5,5,Tofu,ENERGY_FIBRE_SCREEN,"{""Calories"": ""187"", ""Carbohydrates"": ""62.6"", ""Fats"": ""4.9"", ""Fibre"": ""14.9"", ""Protein"": ""40.4""}",high,needs_review,"条件性宽松范围[396.5,485.9]，容差50；不能覆盖所有能量体系。",保留原值，人工核实；不用于自动纠错。,696036851f95fa11d0a381ccd752afc1aa8a3ecca54a1fd0cf0279ac57a3ebe7
696036851f95fa11d0a381ccd752afc1aa8a3ecca54a1fd0cf0279ac57a3ebe7:6,6,Lentils,UNKNOWN_PROVENANCE_AND_BASIS,{},medium,needs_review,CSV未提供来源、单位、份量或字段定义；所有营养关系检查待核实。,保留原值，人工核实；不用于自动纠错。,696036851f95fa11d0a381ccd752afc1aa8a3ecca54a1fd0cf0279ac57a3ebe7
696036851f95fa11d0a381ccd752afc1aa8a3ecca54a1fd0cf0279ac57a3ebe7:6,6,Lentils,ENERGY_449_DEVIATION,"{""Calories"": ""309"", ""Carbohydrates"": ""76.1"", ""Fats"": ""15.6"", ""Fibre"": ""14.2"", ""Protein"": ""44.8""}",medium,needs_review,条件性辅助估算E0=624.0；偏差>20%；不是自动纠错标准。,保留原值，人工核实；不用于自动纠错。,696036851f95fa11d0a381ccd752afc1aa8a3ecca54a1fd0cf0279ac57a3ebe7
696036851f95fa11d0a381ccd752afc1aa8a3ecca54a1fd0cf0279ac57a3ebe7:6,6,Lentils,ENERGY_FIBRE_SCREEN,"{""Calories"": ""309"", ""Carbohydrates"": ""76.1"", ""Fats"": ""15.6"", ""Fibre"": ""14.2"", ""Protein"": ""44.8""}",high,needs_review,"条件性宽松范围[567.2,652.4]，容差61.8；不能覆盖所有能量体系。",保留原值，人工核实；不用于自动纠错。,696036851f95fa11d0a381ccd752afc1aa8a3ecca54a1fd0cf0279ac57a3ebe7
696036851f95fa11d0a381ccd752afc1aa8a3ecca54a1fd0cf0279ac57a3ebe7:7,7,Beef,UNKNOWN_PROVENANCE_AND_BASIS,{},medium,needs_review,CSV未提供来源、单位、份量或字段定义；所有营养关系检查待核实。,保留原值，人工核实；不用于自动纠错。,696036851f95fa11d0a381ccd752afc1aa8a3ecca54a1fd0cf0279ac57a3ebe7
696036851f95fa11d0a381ccd752afc1aa8a3ecca54a1fd0cf0279ac57a3ebe7:7,7,Beef,ENERGY_449_DEVIATION,"{""Calories"": ""425"", ""Carbohydrates"": ""24.6"", ""Fats"": ""9.0"", ""Fibre"": ""11.9"", ""Protein"": ""31.1""}",medium,needs_review,条件性辅助估算E0=303.8；偏差>20%；不是自动纠错标准。,保留原值，人工核实；不用于自动纠错。,696036851f95fa11d0a381ccd752afc1aa8a3ecca54a1fd0cf0279ac57a3ebe7
696036851f95fa11d0a381ccd752afc1aa8a3ecca54a1fd0cf0279ac57a3ebe7:7,7,Beef,ENERGY_FIBRE_SCREEN,"{""Calories"": ""425"", ""Carbohydrates"": ""24.6"", ""Fats"": ""9.0"", ""Fibre"": ""11.9"", ""Protein"": ""31.1""}",high,needs_review,"条件性宽松范围[256.2,327.6]，容差85.0；不能覆盖所有能量体系。",保留原值，人工核实；不用于自动纠错。,696036851f95fa11d0a381ccd752afc1aa8a3ecca54a1fd0cf0279ac57a3ebe7
696036851f95fa11d0a381ccd752afc1aa8a3ecca54a1fd0cf0279ac57a3ebe7:8,8,Pork Chop,UNKNOWN_PROVENANCE_AND_BASIS,{},medium,needs_review,CSV未提供来源、单位、份量或字段定义；所有营养关系检查待核实。,保留原值，人工核实；不用于自动纠错。,696036851f95fa11d0a381ccd752afc1aa8a3ecca54a1fd0cf0279ac57a3ebe7
696036851f95fa11d0a381ccd752afc1aa8a3ecca54a1fd0cf0279ac57a3ebe7:8,8,Pork Chop,ENERGY_449_DEVIATION,"{""Calories"": ""218"", ""Carbohydrates"": ""45.8"", ""Fats"": ""10.3"", ""Fibre"": ""2.1"", ""Protein"": ""5.5""}",medium,needs_review,条件性辅助估算E0=297.9；偏差>20%；不是自动纠错标准。,保留原值，人工核实；不用于自动纠错。,696036851f95fa11d0a381ccd752afc1aa8a3ecca54a1fd0cf0279ac57a3ebe7
696036851f95fa11d0a381ccd752afc1aa8a3ecca54a1fd0cf0279ac57a3ebe7:8,8,Pork Chop,ENERGY_FIBRE_SCREEN,"{""Calories"": ""218"", ""Carbohydrates"": ""45.8"", ""Fats"": ""10.3"", ""Fibre"": ""2.1"", ""Protein"": ""5.5""}",high,needs_review,"条件性宽松范围[289.5,302.1]，容差50；不能覆盖所有能量体系。",保留原值，人工核实；不用于自动纠错。,696036851f95fa11d0a381ccd752afc1aa8a3ecca54a1fd0cf0279ac57a3ebe7
696036851f95fa11d0a381ccd752afc1aa8a3ecca54a1fd0cf0279ac57a3ebe7:9,9,Turkey,UNKNOWN_PROVENANCE_AND_BASIS,{},medium,needs_review,CSV未提供来源、单位、份量或字段定义；所有营养关系检查待核实。,保留原值，人工核实；不用于自动纠错。,696036851f95fa11d0a381ccd752afc1aa8a3ecca54a1fd0cf0279ac57a3ebe7
696036851f95fa11d0a381ccd752afc1aa8a3ecca54a1fd0cf0279ac57a3ebe7:10,10,Shrimp,UNKNOWN_PROVENANCE_AND_BASIS,{},medium,needs_review,CSV未提供来源、单位、份量或字段定义；所有营养关系检查待核实。,保留原值，人工核实；不用于自动纠错。,696036851f95fa11d0a381ccd752afc1aa8a3ecca54a1fd0cf0279ac57a3ebe7
696036851f95fa11d0a381ccd752afc1aa8a3ecca54a1fd0cf0279ac57a3ebe7:10,10,Shrimp,ENERGY_449_DEVIATION,"{""Calories"": ""361"", ""Carbohydrates"": ""70.6"", ""Fats"": ""7.0"", ""Fibre"": ""12.5"", ""Protein"": ""42.9""}",medium,needs_review,条件性辅助估算E0=517.0；偏差>20%；不是自动纠错标准。,保留原值，人工核实；不用于自动纠错。,696036851f95fa11d0a381ccd752afc1aa8a3ecca54a1fd0cf0279ac57a3ebe7
696036851f95fa11d0a381ccd752afc1aa8a3ecca54a1fd0cf0279ac57a3ebe7:10,10,Shrimp,ENERGY_FIBRE_SCREEN,"{""Calories"": ""361"", ""Carbohydrates"": ""70.6"", ""Fats"": ""7.0"", ""Fibre"": ""12.5"", ""Protein"": ""42.9""}",high,needs_review,"条件性宽松范围[467.0,542.0]，容差72.2；不能覆盖所有能量体系。",保留原值，人工核实；不用于自动纠错。,696036851f95fa11d0a381ccd752afc1aa8a3ecca54a1fd0cf0279ac57a3ebe7
696036851f95fa11d0a381ccd752afc1aa8a3ecca54a1fd0cf0279ac57a3ebe7:11,11,Tuna,UNKNOWN_PROVENANCE_AND_BASIS,{},medium,needs_review,CSV未提供来源、单位、份量或字段定义；所有营养关系检查待核实。,保留原值，人工核实；不用于自动纠错。,696036851f95fa11d0a381ccd752afc1aa8a3ecca54a1fd0cf0279ac57a3ebe7
696036851f95fa11d0a381ccd752afc1aa8a3ecca54a1fd0cf0279ac57a3ebe7:11,11,Tuna,SUGAR_GT_CARBS,"{""Carbohydrates"": ""19.8"", ""Sugar"": ""28.7""}",high,needs_review,前提：相同计量基准、相同单位且糖属于该碳水定义；小差异需考虑四舍五入。,保留原值，人工核实；不用于自动纠错。,696036851f95fa11d0a381ccd752afc1aa8a3ecca54a1fd0cf0279ac57a3ebe7
696036851f95fa11d0a381ccd752afc1aa8a3ecca54a1fd0cf0279ac57a3ebe7:11,11,Tuna,ENERGY_449_DEVIATION,"{""Calories"": ""397"", ""Carbohydrates"": ""19.8"", ""Fats"": ""17.4"", ""Fibre"": ""5.5"", ""Protein"": ""16.3""}",medium,needs_review,条件性辅助估算E0=301.0；偏差>20%；不是自动纠错标准。,保留原值，人工核实；不用于自动纠错。,696036851f95fa11d0a381ccd752afc1aa8a3ecca54a1fd0cf0279ac57a3ebe7
696036851f95fa11d0a381ccd752afc1aa8a3ecca54a1fd0cf0279ac57a3ebe7:11,11,Tuna,ENERGY_FIBRE_SCREEN,"{""Calories"": ""397"", ""Carbohydrates"": ""19.8"", ""Fats"": ""17.4"", ""Fibre"": ""5.5"", ""Protein"": ""16.3""}",high,needs_review,"条件性宽松范围[279.0,312.0]，容差79.4；不能覆盖所有能量体系。",保留原值，人工核实；不用于自动纠错。,696036851f95fa11d0a381ccd752afc1aa8a3ecca54a1fd0cf0279ac57a3ebe7
696036851f95fa11d0a381ccd752afc1aa8a3ecca54a1fd0cf0279ac57a3ebe7:12,12,Greek Yogurt,UNKNOWN_PROVENANCE_AND_BASIS,{},medium,needs_review,CSV未提供来源、单位、份量或字段定义；所有营养关系检查待核实。,保留原值，人工核实；不用于自动纠错。,696036851f95fa11d0a381ccd752afc1aa8a3ecca54a1fd0cf0279ac57a3ebe7
696036851f95fa11d0a381ccd752afc1aa8a3ecca54a1fd0cf0279ac57a3ebe7:12,12,Greek Yogurt,SUGAR_GT_CARBS,"{""Carbohydrates"": ""17.6"", ""Sugar"": ""39.3""}",high,needs_review,前提：相同计量基准、相同单位且糖属于该碳水定义；小差异需考虑四舍五入。,保留原值，人工核实；不用于自动纠错。,696036851f95fa11d0a381ccd752afc1aa8a3ecca54a1fd0cf0279ac57a3ebe7
696036851f95fa11d0a381ccd752afc1aa8a3ecca54a1fd0cf0279ac57a3ebe7:13,13,Cottage Cheese,UNKNOWN_PROVENANCE_AND_BASIS,{},medium,needs_review,CSV未提供来源、单位、份量或字段定义；所有营养关系检查待核实。,保留原值，人工核实；不用于自动纠错。,696036851f95fa11d0a381ccd752afc1aa8a3ecca54a1fd0cf0279ac57a3ebe7
696036851f95fa11d0a381ccd752afc1aa8a3ecca54a1fd0cf0279ac57a3ebe7:13,13,Cottage Cheese,SUGAR_GT_CARBS,"{""Carbohydrates"": ""8.6"", ""Sugar"": ""8.7""}",medium,needs_review,前提：相同计量基准、相同单位且糖属于该碳水定义；小差异需考虑四舍五入。,保留原值，人工核实；不用于自动纠错。,696036851f95fa11d0a381ccd752afc1aa8a3ecca54a1fd0cf0279ac57a3ebe7
696036851f95fa11d0a381ccd752afc1aa8a3ecca54a1fd0cf0279ac57a3ebe7:13,13,Cottage Cheese,FIBRE_GT_CARBS,"{""Carbohydrates"": ""8.6"", ""Fibre"": ""12.3""}",medium,needs_review,仅在碳水定义包含纤维且同基准时构成疑点；定义未知。,保留原值，人工核实；不用于自动纠错。,696036851f95fa11d0a381ccd752afc1aa8a3ecca54a1fd0cf0279ac57a3ebe7
696036851f95fa11d0a381ccd752afc1aa8a3ecca54a1fd0cf0279ac57a3ebe7:13,13,Cottage Cheese,ENERGY_449_DEVIATION,"{""Calories"": ""327"", ""Carbohydrates"": ""8.6"", ""Fats"": ""31.3"", ""Fibre"": ""12.3"", ""Protein"": ""39.5""}",medium,needs_review,条件性辅助估算E0=474.1；偏差>20%；不是自动纠错标准。,保留原值，人工核实；不用于自动纠错。,696036851f95fa11d0a381ccd752afc1aa8a3ecca54a1fd0cf0279ac57a3ebe7
696036851f95fa11d0a381ccd752afc1aa8a3ecca54a1fd0cf0279ac57a3ebe7:13,13,Cottage Cheese,ENERGY_FIBRE_SCREEN,"{""Calories"": ""327"", ""Carbohydrates"": ""8.6"", ""Fats"": ""31.3"", ""Fibre"": ""12.3"", ""Protein"": ""39.5""}",high,needs_review,"条件性宽松范围[424.9,498.7]，容差65.4；不能覆盖所有能量体系。",保留原值，人工核实；不用于自动纠错。,696036851f95fa11d0a381ccd752afc1aa8a3ecca54a1fd0cf0279ac57a3ebe7
696036851f95fa11d0a381ccd752afc1aa8a3ecca54a1fd0cf0279ac57a3ebe7:14,14,Almonds,UNKNOWN_PROVENANCE_AND_BASIS,{},medium,needs_review,CSV未提供来源、单位、份量或字段定义；所有营养关系检查待核实。,保留原值，人工核实；不用于自动纠错。,696036851f95fa11d0a381ccd752afc1aa8a3ecca54a1fd0cf0279ac57a3ebe7
696036851f95fa11d0a381ccd752afc1aa8a3ecca54a1fd0cf0279ac57a3ebe7:14,14,Almonds,ENERGY_449_DEVIATION,"{""Calories"": ""69"", ""Carbohydrates"": ""79.2"", ""Fats"": ""1.5"", ""Fibre"": ""10.6"", ""Protein"": ""13.2""}",medium,needs_review,条件性辅助估算E0=383.1；偏差>20%；不是自动纠错标准。,保留原值，人工核实；不用于自动纠错。,696036851f95fa11d0a381ccd752afc1aa8a3ecca54a1fd0cf0279ac57a3ebe7
696036851f95fa11d0a381ccd752afc1aa8a3ecca54a1fd0cf0279ac57a3ebe7:14,14,Almonds,ENERGY_FIBRE_SCREEN,"{""Calories"": ""69"", ""Carbohydrates"": ""79.2"", ""Fats"": ""1.5"", ""Fibre"": ""10.6"", ""Protein"": ""13.2""}",high,needs_review,"条件性宽松范围[340.7,404.3]，容差50；不能覆盖所有能量体系。",保留原值，人工核实；不用于自动纠错。,696036851f95fa11d0a381ccd752afc1aa8a3ecca54a1fd0cf0279ac57a3ebe7
696036851f95fa11d0a381ccd752afc1aa8a3ecca54a1fd0cf0279ac57a3ebe7:15,15,Peanut Butter,UNKNOWN_PROVENANCE_AND_BASIS,{},medium,needs_review,CSV未提供来源、单位、份量或字段定义；所有营养关系检查待核实。,保留原值，人工核实；不用于自动纠错。,696036851f95fa11d0a381ccd752afc1aa8a3ecca54a1fd0cf0279ac57a3ebe7
696036851f95fa11d0a381ccd752afc1aa8a3ecca54a1fd0cf0279ac57a3ebe7:15,15,Peanut Butter,ENERGY_449_DEVIATION,"{""Calories"": ""245"", ""Carbohydrates"": ""40.1"", ""Fats"": ""22.5"", ""Fibre"": ""5.6"", ""Protein"": ""16.6""}",medium,needs_review,条件性辅助估算E0=429.3；偏差>20%；不是自动纠错标准。,保留原值，人工核实；不用于自动纠错。,696036851f95fa11d0a381ccd752afc1aa8a3ecca54a1fd0cf0279ac57a3ebe7
696036851f95fa11d0a381ccd752afc1aa8a3ecca54a1fd0cf0279ac57a3ebe7:15,15,Peanut Butter,ENERGY_FIBRE_SCREEN,"{""Calories"": ""245"", ""Carbohydrates"": ""40.1"", ""Fats"": ""22.5"", ""Fibre"": ""5.6"", ""Protein"": ""16.6""}",high,needs_review,"条件性宽松范围[406.9,440.5]，容差50；不能覆盖所有能量体系。",保留原值，人工核实；不用于自动纠错。,696036851f95fa11d0a381ccd752afc1aa8a3ecca54a1fd0cf0279ac57a3ebe7
696036851f95fa11d0a381ccd752afc1aa8a3ecca54a1fd0cf0279ac57a3ebe7:16,16,Walnuts,UNKNOWN_PROVENANCE_AND_BASIS,{},medium,needs_review,CSV未提供来源、单位、份量或字段定义；所有营养关系检查待核实。,保留原值，人工核实；不用于自动纠错。,696036851f95fa11d0a381ccd752afc1aa8a3ecca54a1fd0cf0279ac57a3ebe7
696036851f95fa11d0a381ccd752afc1aa8a3ecca54a1fd0cf0279ac57a3ebe7:16,16,Walnuts,SUGAR_GT_CARBS,"{""Carbohydrates"": ""36.0"", ""Sugar"": ""40.0""}",high,needs_review,前提：相同计量基准、相同单位且糖属于该碳水定义；小差异需考虑四舍五入。,保留原值，人工核实；不用于自动纠错。,696036851f95fa11d0a381ccd752afc1aa8a3ecca54a1fd0cf0279ac57a3ebe7
696036851f95fa11d0a381ccd752afc1aa8a3ecca54a1fd0cf0279ac57a3ebe7:16,16,Walnuts,ENERGY_449_DEVIATION,"{""Calories"": ""550"", ""Carbohydrates"": ""36.0"", ""Fats"": ""22.4"", ""Fibre"": ""4.1"", ""Protein"": ""7.2""}",medium,needs_review,条件性辅助估算E0=374.4；偏差>20%；不是自动纠错标准。,保留原值，人工核实；不用于自动纠错。,696036851f95fa11d0a381ccd752afc1aa8a3ecca54a1fd0cf0279ac57a3ebe7
696036851f95fa11d0a381ccd752afc1aa8a3ecca54a1fd0cf0279ac57a3ebe7:16,16,Walnuts,ENERGY_FIBRE_SCREEN,"{""Calories"": ""550"", ""Carbohydrates"": ""36.0"", ""Fats"": ""22.4"", ""Fibre"": ""4.1"", ""Protein"": ""7.2""}",high,needs_review,"条件性宽松范围[358.0,382.6]，容差110.0；不能覆盖所有能量体系。",保留原值，人工核实；不用于自动纠错。,696036851f95fa11d0a381ccd752afc1aa8a3ecca54a1fd0cf0279ac57a3ebe7
696036851f95fa11d0a381ccd752afc1aa8a3ecca54a1fd0cf0279ac57a3ebe7:17,17,Chia Seeds,UNKNOWN_PROVENANCE_AND_BASIS,{},medium,needs_review,CSV未提供来源、单位、份量或字段定义；所有营养关系检查待核实。,保留原值，人工核实；不用于自动纠错。,696036851f95fa11d0a381ccd752afc1aa8a3ecca54a1fd0cf0279ac57a3ebe7
696036851f95fa11d0a381ccd752afc1aa8a3ecca54a1fd0cf0279ac57a3ebe7:18,18,Sunflower Seeds,UNKNOWN_PROVENANCE_AND_BASIS,{},medium,needs_review,CSV未提供来源、单位、份量或字段定义；所有营养关系检查待核实。,保留原值，人工核实；不用于自动纠错。,696036851f95fa11d0a381ccd752afc1aa8a3ecca54a1fd0cf0279ac57a3ebe7
696036851f95fa11d0a381ccd752afc1aa8a3ecca54a1fd0cf0279ac57a3ebe7:18,18,Sunflower Seeds,ENERGY_449_DEVIATION,"{""Calories"": ""466"", ""Carbohydrates"": ""66.2"", ""Fats"": ""23.8"", ""Fibre"": ""12.8"", ""Protein"": ""48.6""}",medium,needs_review,条件性辅助估算E0=673.4；偏差>20%；不是自动纠错标准。,保留原值，人工核实；不用于自动纠错。,696036851f95fa11d0a381ccd752afc1aa8a3ecca54a1fd0cf0279ac57a3ebe7
696036851f95fa11d0a381ccd752afc1aa8a3ecca54a1fd0cf0279ac57a3ebe7:18,18,Sunflower Seeds,ENERGY_FIBRE_SCREEN,"{""Calories"": ""466"", ""Carbohydrates"": ""66.2"", ""Fats"": ""23.8"", ""Fibre"": ""12.8"", ""Protein"": ""48.6""}",high,needs_review,"条件性宽松范围[622.2,699.0]，容差93.2；不能覆盖所有能量体系。",保留原值，人工核实；不用于自动纠错。,696036851f95fa11d0a381ccd752afc1aa8a3ecca54a1fd0cf0279ac57a3ebe7
696036851f95fa11d0a381ccd752afc1aa8a3ecca54a1fd0cf0279ac57a3ebe7:19,19,Chickpeas,UNKNOWN_PROVENANCE_AND_BASIS,{},medium,needs_review,CSV未提供来源、单位、份量或字段定义；所有营养关系检查待核实。,保留原值，人工核实；不用于自动纠错。,696036851f95fa11d0a381ccd752afc1aa8a3ecca54a1fd0cf0279ac57a3ebe7
696036851f95fa11d0a381ccd752afc1aa8a3ecca54a1fd0cf0279ac57a3ebe7:19,19,Chickpeas,FAT_ENERGY_GT_CALORIES,"{""Calories"": ""137"", ""Fats"": ""35.1""}",high,needs_review,前提：热量为kcal、脂肪为g且同份量；9×脂肪超过标注热量，不能直接判错。,保留原值，人工核实；不用于自动纠错。,696036851f95fa11d0a381ccd752afc1aa8a3ecca54a1fd0cf0279ac57a3ebe7
696036851f95fa11d0a381ccd752afc1aa8a3ecca54a1fd0cf0279ac57a3ebe7:19,19,Chickpeas,ENERGY_449_DEVIATION,"{""Calories"": ""137"", ""Carbohydrates"": ""46.9"", ""Fats"": ""35.1"", ""Fibre"": ""12.3"", ""Protein"": ""14.0""}",medium,needs_review,条件性辅助估算E0=559.5；偏差>20%；不是自动纠错标准。,保留原值，人工核实；不用于自动纠错。,696036851f95fa11d0a381ccd752afc1aa8a3ecca54a1fd0cf0279ac57a3ebe7
696036851f95fa11d0a381ccd752afc1aa8a3ecca54a1fd0cf0279ac57a3ebe7:19,19,Chickpeas,ENERGY_FIBRE_SCREEN,"{""Calories"": ""137"", ""Carbohydrates"": ""46.9"", ""Fats"": ""35.1"", ""Fibre"": ""12.3"", ""Protein"": ""14.0""}",high,needs_review,"条件性宽松范围[510.3,584.1]，容差50；不能覆盖所有能量体系。",保留原值，人工核实；不用于自动纠错。,696036851f95fa11d0a381ccd752afc1aa8a3ecca54a1fd0cf0279ac57a3ebe7
696036851f95fa11d0a381ccd752afc1aa8a3ecca54a1fd0cf0279ac57a3ebe7:20,20,Brown Rice,UNKNOWN_PROVENANCE_AND_BASIS,{},medium,needs_review,CSV未提供来源、单位、份量或字段定义；所有营养关系检查待核实。,保留原值，人工核实；不用于自动纠错。,696036851f95fa11d0a381ccd752afc1aa8a3ecca54a1fd0cf0279ac57a3ebe7
696036851f95fa11d0a381ccd752afc1aa8a3ecca54a1fd0cf0279ac57a3ebe7:20,20,Brown Rice,FAT_ENERGY_GT_CALORIES,"{""Calories"": ""308"", ""Fats"": ""35.9""}",high,needs_review,前提：热量为kcal、脂肪为g且同份量；9×脂肪超过标注热量，不能直接判错。,保留原值，人工核实；不用于自动纠错。,696036851f95fa11d0a381ccd752afc1aa8a3ecca54a1fd0cf0279ac57a3ebe7
696036851f95fa11d0a381ccd752afc1aa8a3ecca54a1fd0cf0279ac57a3ebe7:20,20,Brown Rice,ENERGY_449_DEVIATION,"{""Calories"": ""308"", ""Carbohydrates"": ""47.6"", ""Fats"": ""35.9"", ""Fibre"": ""6.4"", ""Protein"": ""9.1""}",medium,needs_review,条件性辅助估算E0=549.9；偏差>20%；不是自动纠错标准。,保留原值，人工核实；不用于自动纠错。,696036851f95fa11d0a381ccd752afc1aa8a3ecca54a1fd0cf0279ac57a3ebe7
696036851f95fa11d0a381ccd752afc1aa8a3ecca54a1fd0cf0279ac57a3ebe7:20,20,Brown Rice,ENERGY_FIBRE_SCREEN,"{""Calories"": ""308"", ""Carbohydrates"": ""47.6"", ""Fats"": ""35.9"", ""Fibre"": ""6.4"", ""Protein"": ""9.1""}",high,needs_review,"条件性宽松范围[524.3,562.7]，容差61.6；不能覆盖所有能量体系。",保留原值，人工核实；不用于自动纠错。,696036851f95fa11d0a381ccd752afc1aa8a3ecca54a1fd0cf0279ac57a3ebe7
696036851f95fa11d0a381ccd752afc1aa8a3ecca54a1fd0cf0279ac57a3ebe7:21,21,Quinoa,UNKNOWN_PROVENANCE_AND_BASIS,{},medium,needs_review,CSV未提供来源、单位、份量或字段定义；所有营养关系检查待核实。,保留原值，人工核实；不用于自动纠错。,696036851f95fa11d0a381ccd752afc1aa8a3ecca54a1fd0cf0279ac57a3ebe7
696036851f95fa11d0a381ccd752afc1aa8a3ecca54a1fd0cf0279ac57a3ebe7:21,21,Quinoa,FAT_ENERGY_GT_CALORIES,"{""Calories"": ""91"", ""Fats"": ""36.8""}",high,needs_review,前提：热量为kcal、脂肪为g且同份量；9×脂肪超过标注热量，不能直接判错。,保留原值，人工核实；不用于自动纠错。,696036851f95fa11d0a381ccd752afc1aa8a3ecca54a1fd0cf0279ac57a3ebe7
696036851f95fa11d0a381ccd752afc1aa8a3ecca54a1fd0cf0279ac57a3ebe7:21,21,Quinoa,ENERGY_449_DEVIATION,"{""Calories"": ""91"", ""Carbohydrates"": ""58.4"", ""Fats"": ""36.8"", ""Fibre"": ""13.5"", ""Protein"": ""27.9""}",medium,needs_review,条件性辅助估算E0=676.4；偏差>20%；不是自动纠错标准。,保留原值，人工核实；不用于自动纠错。,696036851f95fa11d0a381ccd752afc1aa8a3ecca54a1fd0cf0279ac57a3ebe7
696036851f95fa11d0a381ccd752afc1aa8a3ecca54a1fd0cf0279ac57a3ebe7:21,21,Quinoa,ENERGY_FIBRE_SCREEN,"{""Calories"": ""91"", ""Carbohydrates"": ""58.4"", ""Fats"": ""36.8"", ""Fibre"": ""13.5"", ""Protein"": ""27.9""}",high,needs_review,"条件性宽松范围[622.4,703.4]，容差50；不能覆盖所有能量体系。",保留原值，人工核实；不用于自动纠错。,696036851f95fa11d0a381ccd752afc1aa8a3ecca54a1fd0cf0279ac57a3ebe7
696036851f95fa11d0a381ccd752afc1aa8a3ecca54a1fd0cf0279ac57a3ebe7:22,22,Oats,UNKNOWN_PROVENANCE_AND_BASIS,{},medium,needs_review,CSV未提供来源、单位、份量或字段定义；所有营养关系检查待核实。,保留原值，人工核实；不用于自动纠错。,696036851f95fa11d0a381ccd752afc1aa8a3ecca54a1fd0cf0279ac57a3ebe7
696036851f95fa11d0a381ccd752afc1aa8a3ecca54a1fd0cf0279ac57a3ebe7:22,22,Oats,ENERGY_449_DEVIATION,"{""Calories"": ""449"", ""Carbohydrates"": ""70.9"", ""Fats"": ""21.5"", ""Fibre"": ""9.3"", ""Protein"": ""23.8""}",medium,needs_review,条件性辅助估算E0=572.3；偏差>20%；不是自动纠错标准。,保留原值，人工核实；不用于自动纠错。,696036851f95fa11d0a381ccd752afc1aa8a3ecca54a1fd0cf0279ac57a3ebe7
696036851f95fa11d0a381ccd752afc1aa8a3ecca54a1fd0cf0279ac57a3ebe7:23,23,Whole Wheat Bread,UNKNOWN_PROVENANCE_AND_BASIS,{},medium,needs_review,CSV未提供来源、单位、份量或字段定义；所有营养关系检查待核实。,保留原值，人工核实；不用于自动纠错。,696036851f95fa11d0a381ccd752afc1aa8a3ecca54a1fd0cf0279ac57a3ebe7
696036851f95fa11d0a381ccd752afc1aa8a3ecca54a1fd0cf0279ac57a3ebe7:23,23,Whole Wheat Bread,FAT_ENERGY_GT_CALORIES,"{""Calories"": ""112"", ""Fats"": ""29.7""}",high,needs_review,前提：热量为kcal、脂肪为g且同份量；9×脂肪超过标注热量，不能直接判错。,保留原值，人工核实；不用于自动纠错。,696036851f95fa11d0a381ccd752afc1aa8a3ecca54a1fd0cf0279ac57a3ebe7
696036851f95fa11d0a381ccd752afc1aa8a3ecca54a1fd0cf0279ac57a3ebe7:23,23,Whole Wheat Bread,ENERGY_449_DEVIATION,"{""Calories"": ""112"", ""Carbohydrates"": ""78.0"", ""Fats"": ""29.7"", ""Fibre"": ""6.4"", ""Protein"": ""36.4""}",medium,needs_review,条件性辅助估算E0=724.9；偏差>20%；不是自动纠错标准。,保留原值，人工核实；不用于自动纠错。,696036851f95fa11d0a381ccd752afc1aa8a3ecca54a1fd0cf0279ac57a3ebe7
696036851f95fa11d0a381ccd752afc1aa8a3ecca54a1fd0cf0279ac57a3ebe7:23,23,Whole Wheat Bread,ENERGY_FIBRE_SCREEN,"{""Calories"": ""112"", ""Carbohydrates"": ""78.0"", ""Fats"": ""29.7"", ""Fibre"": ""6.4"", ""Protein"": ""36.4""}",high,needs_review,"条件性宽松范围[699.3,737.7]，容差50；不能覆盖所有能量体系。",保留原值，人工核实；不用于自动纠错。,696036851f95fa11d0a381ccd752afc1aa8a3ecca54a1fd0cf0279ac57a3ebe7
696036851f95fa11d0a381ccd752afc1aa8a3ecca54a1fd0cf0279ac57a3ebe7:24,24,Barley,UNKNOWN_PROVENANCE_AND_BASIS,{},medium,needs_review,CSV未提供来源、单位、份量或字段定义；所有营养关系检查待核实。,保留原值，人工核实；不用于自动纠错。,696036851f95fa11d0a381ccd752afc1aa8a3ecca54a1fd0cf0279ac57a3ebe7
696036851f95fa11d0a381ccd752afc1aa8a3ecca54a1fd0cf0279ac57a3ebe7:25,25,Cornmeal,UNKNOWN_PROVENANCE_AND_BASIS,{},medium,needs_review,CSV未提供来源、单位、份量或字段定义；所有营养关系检查待核实。,保留原值，人工核实；不用于自动纠错。,696036851f95fa11d0a381ccd752afc1aa8a3ecca54a1fd0cf0279ac57a3ebe7
696036851f95fa11d0a381ccd752afc1aa8a3ecca54a1fd0cf0279ac57a3ebe7:25,25,Cornmeal,SUGAR_GT_CARBS,"{""Carbohydrates"": ""18.5"", ""Sugar"": ""22.7""}",high,needs_review,前提：相同计量基准、相同单位且糖属于该碳水定义；小差异需考虑四舍五入。,保留原值，人工核实；不用于自动纠错。,696036851f95fa11d0a381ccd752afc1aa8a3ecca54a1fd0cf0279ac57a3ebe7
696036851f95fa11d0a381ccd752afc1aa8a3ecca54a1fd0cf0279ac57a3ebe7:26,26,Millet,UNKNOWN_PROVENANCE_AND_BASIS,{},medium,needs_review,CSV未提供来源、单位、份量或字段定义；所有营养关系检查待核实。,保留原值，人工核实；不用于自动纠错。,696036851f95fa11d0a381ccd752afc1aa8a3ecca54a1fd0cf0279ac57a3ebe7
696036851f95fa11d0a381ccd752afc1aa8a3ecca54a1fd0cf0279ac57a3ebe7:26,26,Millet,SUGAR_GT_CARBS,"{""Carbohydrates"": ""4.5"", ""Sugar"": ""7.6""}",high,needs_review,前提：相同计量基准、相同单位且糖属于该碳水定义；小差异需考虑四舍五入。,保留原值，人工核实；不用于自动纠错。,696036851f95fa11d0a381ccd752afc1aa8a3ecca54a1fd0cf0279ac57a3ebe7
696036851f95fa11d0a381ccd752afc1aa8a3ecca54a1fd0cf0279ac57a3ebe7:26,26,Millet,FIBRE_GT_CARBS,"{""Carbohydrates"": ""4.5"", ""Fibre"": ""9.5""}",medium,needs_review,仅在碳水定义包含纤维且同基准时构成疑点；定义未知。,保留原值，人工核实；不用于自动纠错。,696036851f95fa11d0a381ccd752afc1aa8a3ecca54a1fd0cf0279ac57a3ebe7
696036851f95fa11d0a381ccd752afc1aa8a3ecca54a1fd0cf0279ac57a3ebe7:27,27,Buckwheat,UNKNOWN_PROVENANCE_AND_BASIS,{},medium,needs_review,CSV未提供来源、单位、份量或字段定义；所有营养关系检查待核实。,保留原值，人工核实；不用于自动纠错。,696036851f95fa11d0a381ccd752afc1aa8a3ecca54a1fd0cf0279ac57a3ebe7
696036851f95fa11d0a381ccd752afc1aa8a3ecca54a1fd0cf0279ac57a3ebe7:27,27,Buckwheat,SUGAR_GT_CARBS,"{""Carbohydrates"": ""13.0"", ""Sugar"": ""39.7""}",high,needs_review,前提：相同计量基准、相同单位且糖属于该碳水定义；小差异需考虑四舍五入。,保留原值，人工核实；不用于自动纠错。,696036851f95fa11d0a381ccd752afc1aa8a3ecca54a1fd0cf0279ac57a3ebe7
696036851f95fa11d0a381ccd752afc1aa8a3ecca54a1fd0cf0279ac57a3ebe7:27,27,Buckwheat,FAT_ENERGY_GT_CALORIES,"{""Calories"": ""78"", ""Fats"": ""18.8""}",high,needs_review,前提：热量为kcal、脂肪为g且同份量；9×脂肪超过标注热量，不能直接判错。,保留原值，人工核实；不用于自动纠错。,696036851f95fa11d0a381ccd752afc1aa8a3ecca54a1fd0cf0279ac57a3ebe7
696036851f95fa11d0a381ccd752afc1aa8a3ecca54a1fd0cf0279ac57a3ebe7:27,27,Buckwheat,ENERGY_449_DEVIATION,"{""Calories"": ""78"", ""Carbohydrates"": ""13.0"", ""Fats"": ""18.8"", ""Fibre"": ""6.2"", ""Protein"": ""13.2""}",medium,needs_review,条件性辅助估算E0=274.0；偏差>20%；不是自动纠错标准。,保留原值，人工核实；不用于自动纠错。,696036851f95fa11d0a381ccd752afc1aa8a3ecca54a1fd0cf0279ac57a3ebe7
696036851f95fa11d0a381ccd752afc1aa8a3ecca54a1fd0cf0279ac57a3ebe7:27,27,Buckwheat,ENERGY_FIBRE_SCREEN,"{""Calories"": ""78"", ""Carbohydrates"": ""13.0"", ""Fats"": ""18.8"", ""Fibre"": ""6.2"", ""Protein"": ""13.2""}",high,needs_review,"条件性宽松范围[249.2,286.4]，容差50；不能覆盖所有能量体系。",保留原值，人工核实；不用于自动纠错。,696036851f95fa11d0a381ccd752afc1aa8a3ecca54a1fd0cf0279ac57a3ebe7
696036851f95fa11d0a381ccd752afc1aa8a3ecca54a1fd0cf0279ac57a3ebe7:28,28,Couscous,UNKNOWN_PROVENANCE_AND_BASIS,{},medium,needs_review,CSV未提供来源、单位、份量或字段定义；所有营养关系检查待核实。,保留原值，人工核实；不用于自动纠错。,696036851f95fa11d0a381ccd752afc1aa8a3ecca54a1fd0cf0279ac57a3ebe7
696036851f95fa11d0a381ccd752afc1aa8a3ecca54a1fd0cf0279ac57a3ebe7:28,28,Couscous,ENERGY_449_DEVIATION,"{""Calories"": ""349"", ""Carbohydrates"": ""50.0"", ""Fats"": ""35.4"", ""Fibre"": ""2.2"", ""Protein"": ""4.4""}",medium,needs_review,条件性辅助估算E0=536.2；偏差>20%；不是自动纠错标准。,保留原值，人工核实；不用于自动纠错。,696036851f95fa11d0a381ccd752afc1aa8a3ecca54a1fd0cf0279ac57a3ebe7
696036851f95fa11d0a381ccd752afc1aa8a3ecca54a1fd0cf0279ac57a3ebe7:28,28,Couscous,ENERGY_FIBRE_SCREEN,"{""Calories"": ""349"", ""Carbohydrates"": ""50.0"", ""Fats"": ""35.4"", ""Fibre"": ""2.2"", ""Protein"": ""4.4""}",high,needs_review,"条件性宽松范围[527.4,540.6]，容差69.8；不能覆盖所有能量体系。",保留原值，人工核实；不用于自动纠错。,696036851f95fa11d0a381ccd752afc1aa8a3ecca54a1fd0cf0279ac57a3ebe7
696036851f95fa11d0a381ccd752afc1aa8a3ecca54a1fd0cf0279ac57a3ebe7:29,29,Broccoli,UNKNOWN_PROVENANCE_AND_BASIS,{},medium,needs_review,CSV未提供来源、单位、份量或字段定义；所有营养关系检查待核实。,保留原值，人工核实；不用于自动纠错。,696036851f95fa11d0a381ccd752afc1aa8a3ecca54a1fd0cf0279ac57a3ebe7
696036851f95fa11d0a381ccd752afc1aa8a3ecca54a1fd0cf0279ac57a3ebe7:29,29,Broccoli,SUGAR_GT_CARBS,"{""Carbohydrates"": ""11.5"", ""Sugar"": ""30.6""}",high,needs_review,前提：相同计量基准、相同单位且糖属于该碳水定义；小差异需考虑四舍五入。,保留原值，人工核实；不用于自动纠错。,696036851f95fa11d0a381ccd752afc1aa8a3ecca54a1fd0cf0279ac57a3ebe7
696036851f95fa11d0a381ccd752afc1aa8a3ecca54a1fd0cf0279ac57a3ebe7:29,29,Broccoli,FIBRE_GT_CARBS,"{""Carbohydrates"": ""11.5"", ""Fibre"": ""14.8""}",medium,needs_review,仅在碳水定义包含纤维且同基准时构成疑点；定义未知。,保留原值，人工核实；不用于自动纠错。,696036851f95fa11d0a381ccd752afc1aa8a3ecca54a1fd0cf0279ac57a3ebe7
696036851f95fa11d0a381ccd752afc1aa8a3ecca54a1fd0cf0279ac57a3ebe7:30,30,Spinach,UNKNOWN_PROVENANCE_AND_BASIS,{},medium,needs_review,CSV未提供来源、单位、份量或字段定义；所有营养关系检查待核实。,保留原值，人工核实；不用于自动纠错。,696036851f95fa11d0a381ccd752afc1aa8a3ecca54a1fd0cf0279ac57a3ebe7
696036851f95fa11d0a381ccd752afc1aa8a3ecca54a1fd0cf0279ac57a3ebe7:30,30,Spinach,SUGAR_GT_CARBS,"{""Carbohydrates"": ""18.4"", ""Sugar"": ""25.3""}",high,needs_review,前提：相同计量基准、相同单位且糖属于该碳水定义；小差异需考虑四舍五入。,保留原值，人工核实；不用于自动纠错。,696036851f95fa11d0a381ccd752afc1aa8a3ecca54a1fd0cf0279ac57a3ebe7
696036851f95fa11d0a381ccd752afc1aa8a3ecca54a1fd0cf0279ac57a3ebe7:30,30,Spinach,FAT_ENERGY_GT_CALORIES,"{""Calories"": ""89"", ""Fats"": ""10.8""}",high,needs_review,前提：热量为kcal、脂肪为g且同份量；9×脂肪超过标注热量，不能直接判错。,保留原值，人工核实；不用于自动纠错。,696036851f95fa11d0a381ccd752afc1aa8a3ecca54a1fd0cf0279ac57a3ebe7
696036851f95fa11d0a381ccd752afc1aa8a3ecca54a1fd0cf0279ac57a3ebe7:30,30,Spinach,ENERGY_449_DEVIATION,"{""Calories"": ""89"", ""Carbohydrates"": ""18.4"", ""Fats"": ""10.8"", ""Fibre"": ""8.0"", ""Protein"": ""29.3""}",medium,needs_review,条件性辅助估算E0=288.0；偏差>20%；不是自动纠错标准。,保留原值，人工核实；不用于自动纠错。,696036851f95fa11d0a381ccd752afc1aa8a3ecca54a1fd0cf0279ac57a3ebe7
696036851f95fa11d0a381ccd752afc1aa8a3ecca54a1fd0cf0279ac57a3ebe7:30,30,Spinach,ENERGY_FIBRE_SCREEN,"{""Calories"": ""89"", ""Carbohydrates"": ""18.4"", ""Fats"": ""10.8"", ""Fibre"": ""8.0"", ""Protein"": ""29.3""}",high,needs_review,"条件性宽松范围[256.0,304.0]，容差50；不能覆盖所有能量体系。",保留原值，人工核实；不用于自动纠错。,696036851f95fa11d0a381ccd752afc1aa8a3ecca54a1fd0cf0279ac57a3ebe7
696036851f95fa11d0a381ccd752afc1aa8a3ecca54a1fd0cf0279ac57a3ebe7:31,31,Carrots,UNKNOWN_PROVENANCE_AND_BASIS,{},medium,needs_review,CSV未提供来源、单位、份量或字段定义；所有营养关系检查待核实。,保留原值，人工核实；不用于自动纠错。,696036851f95fa11d0a381ccd752afc1aa8a3ecca54a1fd0cf0279ac57a3ebe7
696036851f95fa11d0a381ccd752afc1aa8a3ecca54a1fd0cf0279ac57a3ebe7:31,31,Carrots,SUGAR_GT_CARBS,"{""Carbohydrates"": ""33.5"", ""Sugar"": ""42.3""}",high,needs_review,前提：相同计量基准、相同单位且糖属于该碳水定义；小差异需考虑四舍五入。,保留原值，人工核实；不用于自动纠错。,696036851f95fa11d0a381ccd752afc1aa8a3ecca54a1fd0cf0279ac57a3ebe7
696036851f95fa11d0a381ccd752afc1aa8a3ecca54a1fd0cf0279ac57a3ebe7:32,32,Bell Peppers,UNKNOWN_PROVENANCE_AND_BASIS,{},medium,needs_review,CSV未提供来源、单位、份量或字段定义；所有营养关系检查待核实。,保留原值，人工核实；不用于自动纠错。,696036851f95fa11d0a381ccd752afc1aa8a3ecca54a1fd0cf0279ac57a3ebe7
696036851f95fa11d0a381ccd752afc1aa8a3ecca54a1fd0cf0279ac57a3ebe7:32,32,Bell Peppers,ENERGY_449_DEVIATION,"{""Calories"": ""202"", ""Carbohydrates"": ""58.3"", ""Fats"": ""11.8"", ""Fibre"": ""0.2"", ""Protein"": ""5.5""}",medium,needs_review,条件性辅助估算E0=361.4；偏差>20%；不是自动纠错标准。,保留原值，人工核实；不用于自动纠错。,696036851f95fa11d0a381ccd752afc1aa8a3ecca54a1fd0cf0279ac57a3ebe7
696036851f95fa11d0a381ccd752afc1aa8a3ecca54a1fd0cf0279ac57a3ebe7:32,32,Bell Peppers,ENERGY_FIBRE_SCREEN,"{""Calories"": ""202"", ""Carbohydrates"": ""58.3"", ""Fats"": ""11.8"", ""Fibre"": ""0.2"", ""Protein"": ""5.5""}",high,needs_review,"条件性宽松范围[360.6,361.8]，容差50；不能覆盖所有能量体系。",保留原值，人工核实；不用于自动纠错。,696036851f95fa11d0a381ccd752afc1aa8a3ecca54a1fd0cf0279ac57a3ebe7
696036851f95fa11d0a381ccd752afc1aa8a3ecca54a1fd0cf0279ac57a3ebe7:33,33,Tomatoes,UNKNOWN_PROVENANCE_AND_BASIS,{},medium,needs_review,CSV未提供来源、单位、份量或字段定义；所有营养关系检查待核实。,保留原值，人工核实；不用于自动纠错。,696036851f95fa11d0a381ccd752afc1aa8a3ecca54a1fd0cf0279ac57a3ebe7
696036851f95fa11d0a381ccd752afc1aa8a3ecca54a1fd0cf0279ac57a3ebe7:34,34,Cabbage,UNKNOWN_PROVENANCE_AND_BASIS,{},medium,needs_review,CSV未提供来源、单位、份量或字段定义；所有营养关系检查待核实。,保留原值，人工核实；不用于自动纠错。,696036851f95fa11d0a381ccd752afc1aa8a3ecca54a1fd0cf0279ac57a3ebe7
696036851f95fa11d0a381ccd752afc1aa8a3ecca54a1fd0cf0279ac57a3ebe7:34,34,Cabbage,ENERGY_449_DEVIATION,"{""Calories"": ""81"", ""Carbohydrates"": ""49.2"", ""Fats"": ""3.9"", ""Fibre"": ""11.2"", ""Protein"": ""49.1""}",medium,needs_review,条件性辅助估算E0=428.3；偏差>20%；不是自动纠错标准。,保留原值，人工核实；不用于自动纠错。,696036851f95fa11d0a381ccd752afc1aa8a3ecca54a1fd0cf0279ac57a3ebe7
696036851f95fa11d0a381ccd752afc1aa8a3ecca54a1fd0cf0279ac57a3ebe7:34,34,Cabbage,ENERGY_FIBRE_SCREEN,"{""Calories"": ""81"", ""Carbohydrates"": ""49.2"", ""Fats"": ""3.9"", ""Fibre"": ""11.2"", ""Protein"": ""49.1""}",high,needs_review,"条件性宽松范围[383.5,450.7]，容差50；不能覆盖所有能量体系。",保留原值，人工核实；不用于自动纠错。,696036851f95fa11d0a381ccd752afc1aa8a3ecca54a1fd0cf0279ac57a3ebe7
696036851f95fa11d0a381ccd752afc1aa8a3ecca54a1fd0cf0279ac57a3ebe7:35,35,Cucumber,UNKNOWN_PROVENANCE_AND_BASIS,{},medium,needs_review,CSV未提供来源、单位、份量或字段定义；所有营养关系检查待核实。,保留原值，人工核实；不用于自动纠错。,696036851f95fa11d0a381ccd752afc1aa8a3ecca54a1fd0cf0279ac57a3ebe7
696036851f95fa11d0a381ccd752afc1aa8a3ecca54a1fd0cf0279ac57a3ebe7:35,35,Cucumber,SUGAR_GT_CARBS,"{""Carbohydrates"": ""28.8"", ""Sugar"": ""43.0""}",high,needs_review,前提：相同计量基准、相同单位且糖属于该碳水定义；小差异需考虑四舍五入。,保留原值，人工核实；不用于自动纠错。,696036851f95fa11d0a381ccd752afc1aa8a3ecca54a1fd0cf0279ac57a3ebe7
696036851f95fa11d0a381ccd752afc1aa8a3ecca54a1fd0cf0279ac57a3ebe7:35,35,Cucumber,FAT_ENERGY_GT_CALORIES,"{""Calories"": ""56"", ""Fats"": ""13.8""}",high,needs_review,前提：热量为kcal、脂肪为g且同份量；9×脂肪超过标注热量，不能直接判错。,保留原值，人工核实；不用于自动纠错。,696036851f95fa11d0a381ccd752afc1aa8a3ecca54a1fd0cf0279ac57a3ebe7
696036851f95fa11d0a381ccd752afc1aa8a3ecca54a1fd0cf0279ac57a3ebe7:35,35,Cucumber,ENERGY_449_DEVIATION,"{""Calories"": ""56"", ""Carbohydrates"": ""28.8"", ""Fats"": ""13.8"", ""Fibre"": ""10.2"", ""Protein"": ""14.6""}",medium,needs_review,条件性辅助估算E0=297.8；偏差>20%；不是自动纠错标准。,保留原值，人工核实；不用于自动纠错。,696036851f95fa11d0a381ccd752afc1aa8a3ecca54a1fd0cf0279ac57a3ebe7
696036851f95fa11d0a381ccd752afc1aa8a3ecca54a1fd0cf0279ac57a3ebe7:35,35,Cucumber,ENERGY_FIBRE_SCREEN,"{""Calories"": ""56"", ""Carbohydrates"": ""28.8"", ""Fats"": ""13.8"", ""Fibre"": ""10.2"", ""Protein"": ""14.6""}",high,needs_review,"条件性宽松范围[257.0,318.2]，容差50；不能覆盖所有能量体系。",保留原值，人工核实；不用于自动纠错。,696036851f95fa11d0a381ccd752afc1aa8a3ecca54a1fd0cf0279ac57a3ebe7
696036851f95fa11d0a381ccd752afc1aa8a3ecca54a1fd0cf0279ac57a3ebe7:36,36,Cauliflower,UNKNOWN_PROVENANCE_AND_BASIS,{},medium,needs_review,CSV未提供来源、单位、份量或字段定义；所有营养关系检查待核实。,保留原值，人工核实；不用于自动纠错。,696036851f95fa11d0a381ccd752afc1aa8a3ecca54a1fd0cf0279ac57a3ebe7
696036851f95fa11d0a381ccd752afc1aa8a3ecca54a1fd0cf0279ac57a3ebe7:36,36,Cauliflower,ENERGY_449_DEVIATION,"{""Calories"": ""170"", ""Carbohydrates"": ""42.7"", ""Fats"": ""12.0"", ""Fibre"": ""10.6"", ""Protein"": ""15.6""}",medium,needs_review,条件性辅助估算E0=341.2；偏差>20%；不是自动纠错标准。,保留原值，人工核实；不用于自动纠错。,696036851f95fa11d0a381ccd752afc1aa8a3ecca54a1fd0cf0279ac57a3ebe7
696036851f95fa11d0a381ccd752afc1aa8a3ecca54a1fd0cf0279ac57a3ebe7:36,36,Cauliflower,ENERGY_FIBRE_SCREEN,"{""Calories"": ""170"", ""Carbohydrates"": ""42.7"", ""Fats"": ""12.0"", ""Fibre"": ""10.6"", ""Protein"": ""15.6""}",high,needs_review,"条件性宽松范围[298.8,362.4]，容差50；不能覆盖所有能量体系。",保留原值，人工核实；不用于自动纠错。,696036851f95fa11d0a381ccd752afc1aa8a3ecca54a1fd0cf0279ac57a3ebe7
696036851f95fa11d0a381ccd752afc1aa8a3ecca54a1fd0cf0279ac57a3ebe7:37,37,Mushrooms,UNKNOWN_PROVENANCE_AND_BASIS,{},medium,needs_review,CSV未提供来源、单位、份量或字段定义；所有营养关系检查待核实。,保留原值，人工核实；不用于自动纠错。,696036851f95fa11d0a381ccd752afc1aa8a3ecca54a1fd0cf0279ac57a3ebe7
696036851f95fa11d0a381ccd752afc1aa8a3ecca54a1fd0cf0279ac57a3ebe7:37,37,Mushrooms,SUGAR_GT_CARBS,"{""Carbohydrates"": ""7.8"", ""Sugar"": ""20.8""}",high,needs_review,前提：相同计量基准、相同单位且糖属于该碳水定义；小差异需考虑四舍五入。,保留原值，人工核实；不用于自动纠错。,696036851f95fa11d0a381ccd752afc1aa8a3ecca54a1fd0cf0279ac57a3ebe7
696036851f95fa11d0a381ccd752afc1aa8a3ecca54a1fd0cf0279ac57a3ebe7:37,37,Mushrooms,ENERGY_449_DEVIATION,"{""Calories"": ""490"", ""Carbohydrates"": ""7.8"", ""Fats"": ""4.9"", ""Fibre"": ""3.8"", ""Protein"": ""19.4""}",medium,needs_review,条件性辅助估算E0=152.9；偏差>20%；不是自动纠错标准。,保留原值，人工核实；不用于自动纠错。,696036851f95fa11d0a381ccd752afc1aa8a3ecca54a1fd0cf0279ac57a3ebe7
696036851f95fa11d0a381ccd752afc1aa8a3ecca54a1fd0cf0279ac57a3ebe7:37,37,Mushrooms,ENERGY_FIBRE_SCREEN,"{""Calories"": ""490"", ""Carbohydrates"": ""7.8"", ""Fats"": ""4.9"", ""Fibre"": ""3.8"", ""Protein"": ""19.4""}",high,needs_review,"条件性宽松范围[137.7,160.5]，容差98.0；不能覆盖所有能量体系。",保留原值，人工核实；不用于自动纠错。,696036851f95fa11d0a381ccd752afc1aa8a3ecca54a1fd0cf0279ac57a3ebe7
696036851f95fa11d0a381ccd752afc1aa8a3ecca54a1fd0cf0279ac57a3ebe7:38,38,Zucchini,UNKNOWN_PROVENANCE_AND_BASIS,{},medium,needs_review,CSV未提供来源、单位、份量或字段定义；所有营养关系检查待核实。,保留原值，人工核实；不用于自动纠错。,696036851f95fa11d0a381ccd752afc1aa8a3ecca54a1fd0cf0279ac57a3ebe7
696036851f95fa11d0a381ccd752afc1aa8a3ecca54a1fd0cf0279ac57a3ebe7:38,38,Zucchini,FAT_ENERGY_GT_CALORIES,"{""Calories"": ""52"", ""Fats"": ""18.8""}",high,needs_review,前提：热量为kcal、脂肪为g且同份量；9×脂肪超过标注热量，不能直接判错。,保留原值，人工核实；不用于自动纠错。,696036851f95fa11d0a381ccd752afc1aa8a3ecca54a1fd0cf0279ac57a3ebe7
696036851f95fa11d0a381ccd752afc1aa8a3ecca54a1fd0cf0279ac57a3ebe7:38,38,Zucchini,ENERGY_449_DEVIATION,"{""Calories"": ""52"", ""Carbohydrates"": ""35.5"", ""Fats"": ""18.8"", ""Fibre"": ""12.6"", ""Protein"": ""43.0""}",medium,needs_review,条件性辅助估算E0=483.2；偏差>20%；不是自动纠错标准。,保留原值，人工核实；不用于自动纠错。,696036851f95fa11d0a381ccd752afc1aa8a3ecca54a1fd0cf0279ac57a3ebe7
696036851f95fa11d0a381ccd752afc1aa8a3ecca54a1fd0cf0279ac57a3ebe7:38,38,Zucchini,ENERGY_FIBRE_SCREEN,"{""Calories"": ""52"", ""Carbohydrates"": ""35.5"", ""Fats"": ""18.8"", ""Fibre"": ""12.6"", ""Protein"": ""43.0""}",high,needs_review,"条件性宽松范围[432.8,508.4]，容差50；不能覆盖所有能量体系。",保留原值，人工核实；不用于自动纠错。,696036851f95fa11d0a381ccd752afc1aa8a3ecca54a1fd0cf0279ac57a3ebe7
696036851f95fa11d0a381ccd752afc1aa8a3ecca54a1fd0cf0279ac57a3ebe7:39,39,Eggplant,UNKNOWN_PROVENANCE_AND_BASIS,{},medium,needs_review,CSV未提供来源、单位、份量或字段定义；所有营养关系检查待核实。,保留原值，人工核实；不用于自动纠错。,696036851f95fa11d0a381ccd752afc1aa8a3ecca54a1fd0cf0279ac57a3ebe7
696036851f95fa11d0a381ccd752afc1aa8a3ecca54a1fd0cf0279ac57a3ebe7:39,39,Eggplant,SUGAR_GT_CARBS,"{""Carbohydrates"": ""19.5"", ""Sugar"": ""44.8""}",high,needs_review,前提：相同计量基准、相同单位且糖属于该碳水定义；小差异需考虑四舍五入。,保留原值，人工核实；不用于自动纠错。,696036851f95fa11d0a381ccd752afc1aa8a3ecca54a1fd0cf0279ac57a3ebe7
696036851f95fa11d0a381ccd752afc1aa8a3ecca54a1fd0cf0279ac57a3ebe7:39,39,Eggplant,ENERGY_449_DEVIATION,"{""Calories"": ""452"", ""Carbohydrates"": ""19.5"", ""Fats"": ""15.2"", ""Fibre"": ""0.3"", ""Protein"": ""35.8""}",medium,needs_review,条件性辅助估算E0=358.0；偏差>20%；不是自动纠错标准。,保留原值，人工核实；不用于自动纠错。,696036851f95fa11d0a381ccd752afc1aa8a3ecca54a1fd0cf0279ac57a3ebe7
696036851f95fa11d0a381ccd752afc1aa8a3ecca54a1fd0cf0279ac57a3ebe7:39,39,Eggplant,ENERGY_FIBRE_SCREEN,"{""Calories"": ""452"", ""Carbohydrates"": ""19.5"", ""Fats"": ""15.2"", ""Fibre"": ""0.3"", ""Protein"": ""35.8""}",high,needs_review,"条件性宽松范围[356.8,358.6]，容差90.4；不能覆盖所有能量体系。",保留原值，人工核实；不用于自动纠错。,696036851f95fa11d0a381ccd752afc1aa8a3ecca54a1fd0cf0279ac57a3ebe7
696036851f95fa11d0a381ccd752afc1aa8a3ecca54a1fd0cf0279ac57a3ebe7:40,40,Green Beans,UNKNOWN_PROVENANCE_AND_BASIS,{},medium,needs_review,CSV未提供来源、单位、份量或字段定义；所有营养关系检查待核实。,保留原值，人工核实；不用于自动纠错。,696036851f95fa11d0a381ccd752afc1aa8a3ecca54a1fd0cf0279ac57a3ebe7
696036851f95fa11d0a381ccd752afc1aa8a3ecca54a1fd0cf0279ac57a3ebe7:40,40,Green Beans,ENERGY_449_DEVIATION,"{""Calories"": ""187"", ""Carbohydrates"": ""57.2"", ""Fats"": ""6.6"", ""Fibre"": ""8.5"", ""Protein"": ""35.7""}",medium,needs_review,条件性辅助估算E0=431.0；偏差>20%；不是自动纠错标准。,保留原值，人工核实；不用于自动纠错。,696036851f95fa11d0a381ccd752afc1aa8a3ecca54a1fd0cf0279ac57a3ebe7
696036851f95fa11d0a381ccd752afc1aa8a3ecca54a1fd0cf0279ac57a3ebe7:40,40,Green Beans,ENERGY_FIBRE_SCREEN,"{""Calories"": ""187"", ""Carbohydrates"": ""57.2"", ""Fats"": ""6.6"", ""Fibre"": ""8.5"", ""Protein"": ""35.7""}",high,needs_review,"条件性宽松范围[397.0,448.0]，容差50；不能覆盖所有能量体系。",保留原值，人工核实；不用于自动纠错。,696036851f95fa11d0a381ccd752afc1aa8a3ecca54a1fd0cf0279ac57a3ebe7
696036851f95fa11d0a381ccd752afc1aa8a3ecca54a1fd0cf0279ac57a3ebe7:41,41,Sweet Potato,UNKNOWN_PROVENANCE_AND_BASIS,{},medium,needs_review,CSV未提供来源、单位、份量或字段定义；所有营养关系检查待核实。,保留原值，人工核实；不用于自动纠错。,696036851f95fa11d0a381ccd752afc1aa8a3ecca54a1fd0cf0279ac57a3ebe7
696036851f95fa11d0a381ccd752afc1aa8a3ecca54a1fd0cf0279ac57a3ebe7:41,41,Sweet Potato,ENERGY_449_DEVIATION,"{""Calories"": ""265"", ""Carbohydrates"": ""52.5"", ""Fats"": ""12.6"", ""Fibre"": ""10.6"", ""Protein"": ""40.7""}",medium,needs_review,条件性辅助估算E0=486.2；偏差>20%；不是自动纠错标准。,保留原值，人工核实；不用于自动纠错。,696036851f95fa11d0a381ccd752afc1aa8a3ecca54a1fd0cf0279ac57a3ebe7
696036851f95fa11d0a381ccd752afc1aa8a3ecca54a1fd0cf0279ac57a3ebe7:41,41,Sweet Potato,ENERGY_FIBRE_SCREEN,"{""Calories"": ""265"", ""Carbohydrates"": ""52.5"", ""Fats"": ""12.6"", ""Fibre"": ""10.6"", ""Protein"": ""40.7""}",high,needs_review,"条件性宽松范围[443.8,507.4]，容差53.0；不能覆盖所有能量体系。",保留原值，人工核实；不用于自动纠错。,696036851f95fa11d0a381ccd752afc1aa8a3ecca54a1fd0cf0279ac57a3ebe7
696036851f95fa11d0a381ccd752afc1aa8a3ecca54a1fd0cf0279ac57a3ebe7:42,42,Asparagus,UNKNOWN_PROVENANCE_AND_BASIS,{},medium,needs_review,CSV未提供来源、单位、份量或字段定义；所有营养关系检查待核实。,保留原值，人工核实；不用于自动纠错。,696036851f95fa11d0a381ccd752afc1aa8a3ecca54a1fd0cf0279ac57a3ebe7
696036851f95fa11d0a381ccd752afc1aa8a3ecca54a1fd0cf0279ac57a3ebe7:42,42,Asparagus,ENERGY_449_DEVIATION,"{""Calories"": ""481"", ""Carbohydrates"": ""24.1"", ""Fats"": ""14.0"", ""Fibre"": ""0.9"", ""Protein"": ""36.6""}",medium,needs_review,条件性辅助估算E0=368.8；偏差>20%；不是自动纠错标准。,保留原值，人工核实；不用于自动纠错。,696036851f95fa11d0a381ccd752afc1aa8a3ecca54a1fd0cf0279ac57a3ebe7
696036851f95fa11d0a381ccd752afc1aa8a3ecca54a1fd0cf0279ac57a3ebe7:42,42,Asparagus,ENERGY_FIBRE_SCREEN,"{""Calories"": ""481"", ""Carbohydrates"": ""24.1"", ""Fats"": ""14.0"", ""Fibre"": ""0.9"", ""Protein"": ""36.6""}",high,needs_review,"条件性宽松范围[365.2,370.6]，容差96.2；不能覆盖所有能量体系。",保留原值，人工核实；不用于自动纠错。,696036851f95fa11d0a381ccd752afc1aa8a3ecca54a1fd0cf0279ac57a3ebe7
696036851f95fa11d0a381ccd752afc1aa8a3ecca54a1fd0cf0279ac57a3ebe7:43,43,Lettuce,UNKNOWN_PROVENANCE_AND_BASIS,{},medium,needs_review,CSV未提供来源、单位、份量或字段定义；所有营养关系检查待核实。,保留原值，人工核实；不用于自动纠错。,696036851f95fa11d0a381ccd752afc1aa8a3ecca54a1fd0cf0279ac57a3ebe7
696036851f95fa11d0a381ccd752afc1aa8a3ecca54a1fd0cf0279ac57a3ebe7:43,43,Lettuce,ENERGY_449_DEVIATION,"{""Calories"": ""357"", ""Carbohydrates"": ""52.9"", ""Fats"": ""18.3"", ""Fibre"": ""5.9"", ""Protein"": ""14.7""}",medium,needs_review,条件性辅助估算E0=435.1；偏差>20%；不是自动纠错标准。,保留原值，人工核实；不用于自动纠错。,696036851f95fa11d0a381ccd752afc1aa8a3ecca54a1fd0cf0279ac57a3ebe7
696036851f95fa11d0a381ccd752afc1aa8a3ecca54a1fd0cf0279ac57a3ebe7:44,44,Onion,UNKNOWN_PROVENANCE_AND_BASIS,{},medium,needs_review,CSV未提供来源、单位、份量或字段定义；所有营养关系检查待核实。,保留原值，人工核实；不用于自动纠错。,696036851f95fa11d0a381ccd752afc1aa8a3ecca54a1fd0cf0279ac57a3ebe7
696036851f95fa11d0a381ccd752afc1aa8a3ecca54a1fd0cf0279ac57a3ebe7:44,44,Onion,SUGAR_GT_CARBS,"{""Carbohydrates"": ""7.9"", ""Sugar"": ""33.3""}",high,needs_review,前提：相同计量基准、相同单位且糖属于该碳水定义；小差异需考虑四舍五入。,保留原值，人工核实；不用于自动纠错。,696036851f95fa11d0a381ccd752afc1aa8a3ecca54a1fd0cf0279ac57a3ebe7
696036851f95fa11d0a381ccd752afc1aa8a3ecca54a1fd0cf0279ac57a3ebe7:44,44,Onion,FAT_ENERGY_GT_CALORIES,"{""Calories"": ""275"", ""Fats"": ""39.0""}",high,needs_review,前提：热量为kcal、脂肪为g且同份量；9×脂肪超过标注热量，不能直接判错。,保留原值，人工核实；不用于自动纠错。,696036851f95fa11d0a381ccd752afc1aa8a3ecca54a1fd0cf0279ac57a3ebe7
696036851f95fa11d0a381ccd752afc1aa8a3ecca54a1fd0cf0279ac57a3ebe7:44,44,Onion,ENERGY_449_DEVIATION,"{""Calories"": ""275"", ""Carbohydrates"": ""7.9"", ""Fats"": ""39.0"", ""Fibre"": ""1.5"", ""Protein"": ""30.7""}",medium,needs_review,条件性辅助估算E0=505.4；偏差>20%；不是自动纠错标准。,保留原值，人工核实；不用于自动纠错。,696036851f95fa11d0a381ccd752afc1aa8a3ecca54a1fd0cf0279ac57a3ebe7
696036851f95fa11d0a381ccd752afc1aa8a3ecca54a1fd0cf0279ac57a3ebe7:44,44,Onion,ENERGY_FIBRE_SCREEN,"{""Calories"": ""275"", ""Carbohydrates"": ""7.9"", ""Fats"": ""39.0"", ""Fibre"": ""1.5"", ""Protein"": ""30.7""}",high,needs_review,"条件性宽松范围[499.4,508.4]，容差55.0；不能覆盖所有能量体系。",保留原值，人工核实；不用于自动纠错。,696036851f95fa11d0a381ccd752afc1aa8a3ecca54a1fd0cf0279ac57a3ebe7
696036851f95fa11d0a381ccd752afc1aa8a3ecca54a1fd0cf0279ac57a3ebe7:45,45,Garlic,UNKNOWN_PROVENANCE_AND_BASIS,{},medium,needs_review,CSV未提供来源、单位、份量或字段定义；所有营养关系检查待核实。,保留原值，人工核实；不用于自动纠错。,696036851f95fa11d0a381ccd752afc1aa8a3ecca54a1fd0cf0279ac57a3ebe7
696036851f95fa11d0a381ccd752afc1aa8a3ecca54a1fd0cf0279ac57a3ebe7:45,45,Garlic,FAT_ENERGY_GT_CALORIES,"{""Calories"": ""66"", ""Fats"": ""20.5""}",high,needs_review,前提：热量为kcal、脂肪为g且同份量；9×脂肪超过标注热量，不能直接判错。,保留原值，人工核实；不用于自动纠错。,696036851f95fa11d0a381ccd752afc1aa8a3ecca54a1fd0cf0279ac57a3ebe7
696036851f95fa11d0a381ccd752afc1aa8a3ecca54a1fd0cf0279ac57a3ebe7:45,45,Garlic,ENERGY_449_DEVIATION,"{""Calories"": ""66"", ""Carbohydrates"": ""46.3"", ""Fats"": ""20.5"", ""Fibre"": ""5.0"", ""Protein"": ""5.5""}",medium,needs_review,条件性辅助估算E0=391.7；偏差>20%；不是自动纠错标准。,保留原值，人工核实；不用于自动纠错。,696036851f95fa11d0a381ccd752afc1aa8a3ecca54a1fd0cf0279ac57a3ebe7
696036851f95fa11d0a381ccd752afc1aa8a3ecca54a1fd0cf0279ac57a3ebe7:45,45,Garlic,ENERGY_FIBRE_SCREEN,"{""Calories"": ""66"", ""Carbohydrates"": ""46.3"", ""Fats"": ""20.5"", ""Fibre"": ""5.0"", ""Protein"": ""5.5""}",high,needs_review,"条件性宽松范围[371.7,401.7]，容差50；不能覆盖所有能量体系。",保留原值，人工核实；不用于自动纠错。,696036851f95fa11d0a381ccd752afc1aa8a3ecca54a1fd0cf0279ac57a3ebe7
696036851f95fa11d0a381ccd752afc1aa8a3ecca54a1fd0cf0279ac57a3ebe7:46,46,Kale,UNKNOWN_PROVENANCE_AND_BASIS,{},medium,needs_review,CSV未提供来源、单位、份量或字段定义；所有营养关系检查待核实。,保留原值，人工核实；不用于自动纠错。,696036851f95fa11d0a381ccd752afc1aa8a3ecca54a1fd0cf0279ac57a3ebe7
696036851f95fa11d0a381ccd752afc1aa8a3ecca54a1fd0cf0279ac57a3ebe7:46,46,Kale,SUGAR_GT_CARBS,"{""Carbohydrates"": ""1.0"", ""Sugar"": ""37.8""}",high,needs_review,前提：相同计量基准、相同单位且糖属于该碳水定义；小差异需考虑四舍五入。,保留原值，人工核实；不用于自动纠错。,696036851f95fa11d0a381ccd752afc1aa8a3ecca54a1fd0cf0279ac57a3ebe7
696036851f95fa11d0a381ccd752afc1aa8a3ecca54a1fd0cf0279ac57a3ebe7:46,46,Kale,FIBRE_GT_CARBS,"{""Carbohydrates"": ""1.0"", ""Fibre"": ""3.8""}",medium,needs_review,仅在碳水定义包含纤维且同基准时构成疑点；定义未知。,保留原值，人工核实；不用于自动纠错。,696036851f95fa11d0a381ccd752afc1aa8a3ecca54a1fd0cf0279ac57a3ebe7
696036851f95fa11d0a381ccd752afc1aa8a3ecca54a1fd0cf0279ac57a3ebe7:46,46,Kale,FAT_ENERGY_GT_CALORIES,"{""Calories"": ""56"", ""Fats"": ""33.9""}",high,needs_review,前提：热量为kcal、脂肪为g且同份量；9×脂肪超过标注热量，不能直接判错。,保留原值，人工核实；不用于自动纠错。,696036851f95fa11d0a381ccd752afc1aa8a3ecca54a1fd0cf0279ac57a3ebe7
696036851f95fa11d0a381ccd752afc1aa8a3ecca54a1fd0cf0279ac57a3ebe7:46,46,Kale,ENERGY_449_DEVIATION,"{""Calories"": ""56"", ""Carbohydrates"": ""1.0"", ""Fats"": ""33.9"", ""Fibre"": ""3.8"", ""Protein"": ""8.6""}",medium,needs_review,条件性辅助估算E0=343.5；偏差>20%；不是自动纠错标准。,保留原值，人工核实；不用于自动纠错。,696036851f95fa11d0a381ccd752afc1aa8a3ecca54a1fd0cf0279ac57a3ebe7
696036851f95fa11d0a381ccd752afc1aa8a3ecca54a1fd0cf0279ac57a3ebe7:46,46,Kale,ENERGY_FIBRE_SCREEN,"{""Calories"": ""56"", ""Carbohydrates"": ""1.0"", ""Fats"": ""33.9"", ""Fibre"": ""3.8"", ""Protein"": ""8.6""}",high,needs_review,"条件性宽松范围[328.3,351.1]，容差50；不能覆盖所有能量体系。",保留原值，人工核实；不用于自动纠错。,696036851f95fa11d0a381ccd752afc1aa8a3ecca54a1fd0cf0279ac57a3ebe7
696036851f95fa11d0a381ccd752afc1aa8a3ecca54a1fd0cf0279ac57a3ebe7:47,47,Brussels Sprouts,UNKNOWN_PROVENANCE_AND_BASIS,{},medium,needs_review,CSV未提供来源、单位、份量或字段定义；所有营养关系检查待核实。,保留原值，人工核实；不用于自动纠错。,696036851f95fa11d0a381ccd752afc1aa8a3ecca54a1fd0cf0279ac57a3ebe7
696036851f95fa11d0a381ccd752afc1aa8a3ecca54a1fd0cf0279ac57a3ebe7:48,48,Peas,UNKNOWN_PROVENANCE_AND_BASIS,{},medium,needs_review,CSV未提供来源、单位、份量或字段定义；所有营养关系检查待核实。,保留原值，人工核实；不用于自动纠错。,696036851f95fa11d0a381ccd752afc1aa8a3ecca54a1fd0cf0279ac57a3ebe7
696036851f95fa11d0a381ccd752afc1aa8a3ecca54a1fd0cf0279ac57a3ebe7:48,48,Peas,SUGAR_GT_CARBS,"{""Carbohydrates"": ""33.1"", ""Sugar"": ""33.9""}",high,needs_review,前提：相同计量基准、相同单位且糖属于该碳水定义；小差异需考虑四舍五入。,保留原值，人工核实；不用于自动纠错。,696036851f95fa11d0a381ccd752afc1aa8a3ecca54a1fd0cf0279ac57a3ebe7
696036851f95fa11d0a381ccd752afc1aa8a3ecca54a1fd0cf0279ac57a3ebe7:48,48,Peas,ENERGY_449_DEVIATION,"{""Calories"": ""77"", ""Carbohydrates"": ""33.1"", ""Fats"": ""4.6"", ""Fibre"": ""11.6"", ""Protein"": ""27.8""}",medium,needs_review,条件性辅助估算E0=285.0；偏差>20%；不是自动纠错标准。,保留原值，人工核实；不用于自动纠错。,696036851f95fa11d0a381ccd752afc1aa8a3ecca54a1fd0cf0279ac57a3ebe7
696036851f95fa11d0a381ccd752afc1aa8a3ecca54a1fd0cf0279ac57a3ebe7:48,48,Peas,ENERGY_FIBRE_SCREEN,"{""Calories"": ""77"", ""Carbohydrates"": ""33.1"", ""Fats"": ""4.6"", ""Fibre"": ""11.6"", ""Protein"": ""27.8""}",high,needs_review,"条件性宽松范围[238.6,308.2]，容差50；不能覆盖所有能量体系。",保留原值，人工核实；不用于自动纠错。,696036851f95fa11d0a381ccd752afc1aa8a3ecca54a1fd0cf0279ac57a3ebe7
696036851f95fa11d0a381ccd752afc1aa8a3ecca54a1fd0cf0279ac57a3ebe7:49,49,Banana,UNKNOWN_PROVENANCE_AND_BASIS,{},medium,needs_review,CSV未提供来源、单位、份量或字段定义；所有营养关系检查待核实。,保留原值，人工核实；不用于自动纠错。,696036851f95fa11d0a381ccd752afc1aa8a3ecca54a1fd0cf0279ac57a3ebe7
696036851f95fa11d0a381ccd752afc1aa8a3ecca54a1fd0cf0279ac57a3ebe7:50,50,Apple,UNKNOWN_PROVENANCE_AND_BASIS,{},medium,needs_review,CSV未提供来源、单位、份量或字段定义；所有营养关系检查待核实。,保留原值，人工核实；不用于自动纠错。,696036851f95fa11d0a381ccd752afc1aa8a3ecca54a1fd0cf0279ac57a3ebe7
696036851f95fa11d0a381ccd752afc1aa8a3ecca54a1fd0cf0279ac57a3ebe7:51,51,Orange,UNKNOWN_PROVENANCE_AND_BASIS,{},medium,needs_review,CSV未提供来源、单位、份量或字段定义；所有营养关系检查待核实。,保留原值，人工核实；不用于自动纠错。,696036851f95fa11d0a381ccd752afc1aa8a3ecca54a1fd0cf0279ac57a3ebe7
696036851f95fa11d0a381ccd752afc1aa8a3ecca54a1fd0cf0279ac57a3ebe7:51,51,Orange,SUGAR_GT_CARBS,"{""Carbohydrates"": ""11.5"", ""Sugar"": ""33.8""}",high,needs_review,前提：相同计量基准、相同单位且糖属于该碳水定义；小差异需考虑四舍五入。,保留原值，人工核实；不用于自动纠错。,696036851f95fa11d0a381ccd752afc1aa8a3ecca54a1fd0cf0279ac57a3ebe7
696036851f95fa11d0a381ccd752afc1aa8a3ecca54a1fd0cf0279ac57a3ebe7:51,51,Orange,FAT_ENERGY_GT_CALORIES,"{""Calories"": ""202"", ""Fats"": ""27.3""}",high,needs_review,前提：热量为kcal、脂肪为g且同份量；9×脂肪超过标注热量，不能直接判错。,保留原值，人工核实；不用于自动纠错。,696036851f95fa11d0a381ccd752afc1aa8a3ecca54a1fd0cf0279ac57a3ebe7
696036851f95fa11d0a381ccd752afc1aa8a3ecca54a1fd0cf0279ac57a3ebe7:51,51,Orange,ENERGY_449_DEVIATION,"{""Calories"": ""202"", ""Carbohydrates"": ""11.5"", ""Fats"": ""27.3"", ""Fibre"": ""3.9"", ""Protein"": ""17.9""}",medium,needs_review,条件性辅助估算E0=363.3；偏差>20%；不是自动纠错标准。,保留原值，人工核实；不用于自动纠错。,696036851f95fa11d0a381ccd752afc1aa8a3ecca54a1fd0cf0279ac57a3ebe7
696036851f95fa11d0a381ccd752afc1aa8a3ecca54a1fd0cf0279ac57a3ebe7:51,51,Orange,ENERGY_FIBRE_SCREEN,"{""Calories"": ""202"", ""Carbohydrates"": ""11.5"", ""Fats"": ""27.3"", ""Fibre"": ""3.9"", ""Protein"": ""17.9""}",high,needs_review,"条件性宽松范围[347.7,371.1]，容差50；不能覆盖所有能量体系。",保留原值，人工核实；不用于自动纠错。,696036851f95fa11d0a381ccd752afc1aa8a3ecca54a1fd0cf0279ac57a3ebe7
696036851f95fa11d0a381ccd752afc1aa8a3ecca54a1fd0cf0279ac57a3ebe7:52,52,Strawberries,UNKNOWN_PROVENANCE_AND_BASIS,{},medium,needs_review,CSV未提供来源、单位、份量或字段定义；所有营养关系检查待核实。,保留原值，人工核实；不用于自动纠错。,696036851f95fa11d0a381ccd752afc1aa8a3ecca54a1fd0cf0279ac57a3ebe7
696036851f95fa11d0a381ccd752afc1aa8a3ecca54a1fd0cf0279ac57a3ebe7:52,52,Strawberries,ENERGY_449_DEVIATION,"{""Calories"": ""564"", ""Carbohydrates"": ""49.8"", ""Fats"": ""4.3"", ""Fibre"": ""3.9"", ""Protein"": ""8.0""}",medium,needs_review,条件性辅助估算E0=269.9；偏差>20%；不是自动纠错标准。,保留原值，人工核实；不用于自动纠错。,696036851f95fa11d0a381ccd752afc1aa8a3ecca54a1fd0cf0279ac57a3ebe7
696036851f95fa11d0a381ccd752afc1aa8a3ecca54a1fd0cf0279ac57a3ebe7:52,52,Strawberries,ENERGY_FIBRE_SCREEN,"{""Calories"": ""564"", ""Carbohydrates"": ""49.8"", ""Fats"": ""4.3"", ""Fibre"": ""3.9"", ""Protein"": ""8.0""}",high,needs_review,"条件性宽松范围[254.3,277.7]，容差112.8；不能覆盖所有能量体系。",保留原值，人工核实；不用于自动纠错。,696036851f95fa11d0a381ccd752afc1aa8a3ecca54a1fd0cf0279ac57a3ebe7
696036851f95fa11d0a381ccd752afc1aa8a3ecca54a1fd0cf0279ac57a3ebe7:53,53,Blueberries,UNKNOWN_PROVENANCE_AND_BASIS,{},medium,needs_review,CSV未提供来源、单位、份量或字段定义；所有营养关系检查待核实。,保留原值，人工核实；不用于自动纠错。,696036851f95fa11d0a381ccd752afc1aa8a3ecca54a1fd0cf0279ac57a3ebe7
696036851f95fa11d0a381ccd752afc1aa8a3ecca54a1fd0cf0279ac57a3ebe7:53,53,Blueberries,SUGAR_GT_CARBS,"{""Carbohydrates"": ""2.9"", ""Sugar"": ""40.1""}",high,needs_review,前提：相同计量基准、相同单位且糖属于该碳水定义；小差异需考虑四舍五入。,保留原值，人工核实；不用于自动纠错。,696036851f95fa11d0a381ccd752afc1aa8a3ecca54a1fd0cf0279ac57a3ebe7
696036851f95fa11d0a381ccd752afc1aa8a3ecca54a1fd0cf0279ac57a3ebe7:53,53,Blueberries,ENERGY_449_DEVIATION,"{""Calories"": ""487"", ""Carbohydrates"": ""2.9"", ""Fats"": ""7.6"", ""Fibre"": ""0.3"", ""Protein"": ""12.0""}",medium,needs_review,条件性辅助估算E0=128.0；偏差>20%；不是自动纠错标准。,保留原值，人工核实；不用于自动纠错。,696036851f95fa11d0a381ccd752afc1aa8a3ecca54a1fd0cf0279ac57a3ebe7
696036851f95fa11d0a381ccd752afc1aa8a3ecca54a1fd0cf0279ac57a3ebe7:53,53,Blueberries,ENERGY_FIBRE_SCREEN,"{""Calories"": ""487"", ""Carbohydrates"": ""2.9"", ""Fats"": ""7.6"", ""Fibre"": ""0.3"", ""Protein"": ""12.0""}",high,needs_review,"条件性宽松范围[126.8,128.6]，容差97.4；不能覆盖所有能量体系。",保留原值，人工核实；不用于自动纠错。,696036851f95fa11d0a381ccd752afc1aa8a3ecca54a1fd0cf0279ac57a3ebe7
696036851f95fa11d0a381ccd752afc1aa8a3ecca54a1fd0cf0279ac57a3ebe7:54,54,Pineapple,UNKNOWN_PROVENANCE_AND_BASIS,{},medium,needs_review,CSV未提供来源、单位、份量或字段定义；所有营养关系检查待核实。,保留原值，人工核实；不用于自动纠错。,696036851f95fa11d0a381ccd752afc1aa8a3ecca54a1fd0cf0279ac57a3ebe7
696036851f95fa11d0a381ccd752afc1aa8a3ecca54a1fd0cf0279ac57a3ebe7:54,54,Pineapple,SUGAR_GT_CARBS,"{""Carbohydrates"": ""18.6"", ""Sugar"": ""25.8""}",high,needs_review,前提：相同计量基准、相同单位且糖属于该碳水定义；小差异需考虑四舍五入。,保留原值，人工核实；不用于自动纠错。,696036851f95fa11d0a381ccd752afc1aa8a3ecca54a1fd0cf0279ac57a3ebe7
696036851f95fa11d0a381ccd752afc1aa8a3ecca54a1fd0cf0279ac57a3ebe7:54,54,Pineapple,FAT_ENERGY_GT_CALORIES,"{""Calories"": ""100"", ""Fats"": ""25.1""}",high,needs_review,前提：热量为kcal、脂肪为g且同份量；9×脂肪超过标注热量，不能直接判错。,保留原值，人工核实；不用于自动纠错。,696036851f95fa11d0a381ccd752afc1aa8a3ecca54a1fd0cf0279ac57a3ebe7
696036851f95fa11d0a381ccd752afc1aa8a3ecca54a1fd0cf0279ac57a3ebe7:54,54,Pineapple,ENERGY_449_DEVIATION,"{""Calories"": ""100"", ""Carbohydrates"": ""18.6"", ""Fats"": ""25.1"", ""Fibre"": ""2.6"", ""Protein"": ""47.5""}",medium,needs_review,条件性辅助估算E0=490.3；偏差>20%；不是自动纠错标准。,保留原值，人工核实；不用于自动纠错。,696036851f95fa11d0a381ccd752afc1aa8a3ecca54a1fd0cf0279ac57a3ebe7
696036851f95fa11d0a381ccd752afc1aa8a3ecca54a1fd0cf0279ac57a3ebe7:54,54,Pineapple,ENERGY_FIBRE_SCREEN,"{""Calories"": ""100"", ""Carbohydrates"": ""18.6"", ""Fats"": ""25.1"", ""Fibre"": ""2.6"", ""Protein"": ""47.5""}",high,needs_review,"条件性宽松范围[479.9,495.5]，容差50；不能覆盖所有能量体系。",保留原值，人工核实；不用于自动纠错。,696036851f95fa11d0a381ccd752afc1aa8a3ecca54a1fd0cf0279ac57a3ebe7
696036851f95fa11d0a381ccd752afc1aa8a3ecca54a1fd0cf0279ac57a3ebe7:55,55,Mango,UNKNOWN_PROVENANCE_AND_BASIS,{},medium,needs_review,CSV未提供来源、单位、份量或字段定义；所有营养关系检查待核实。,保留原值，人工核实；不用于自动纠错。,696036851f95fa11d0a381ccd752afc1aa8a3ecca54a1fd0cf0279ac57a3ebe7
696036851f95fa11d0a381ccd752afc1aa8a3ecca54a1fd0cf0279ac57a3ebe7:55,55,Mango,FAT_ENERGY_GT_CALORIES,"{""Calories"": ""193"", ""Fats"": ""39.6""}",high,needs_review,前提：热量为kcal、脂肪为g且同份量；9×脂肪超过标注热量，不能直接判错。,保留原值，人工核实；不用于自动纠错。,696036851f95fa11d0a381ccd752afc1aa8a3ecca54a1fd0cf0279ac57a3ebe7
696036851f95fa11d0a381ccd752afc1aa8a3ecca54a1fd0cf0279ac57a3ebe7:55,55,Mango,ENERGY_449_DEVIATION,"{""Calories"": ""193"", ""Carbohydrates"": ""77.0"", ""Fats"": ""39.6"", ""Fibre"": ""10.5"", ""Protein"": ""5.1""}",medium,needs_review,条件性辅助估算E0=684.8；偏差>20%；不是自动纠错标准。,保留原值，人工核实；不用于自动纠错。,696036851f95fa11d0a381ccd752afc1aa8a3ecca54a1fd0cf0279ac57a3ebe7
696036851f95fa11d0a381ccd752afc1aa8a3ecca54a1fd0cf0279ac57a3ebe7:55,55,Mango,ENERGY_FIBRE_SCREEN,"{""Calories"": ""193"", ""Carbohydrates"": ""77.0"", ""Fats"": ""39.6"", ""Fibre"": ""10.5"", ""Protein"": ""5.1""}",high,needs_review,"条件性宽松范围[642.8,705.8]，容差50；不能覆盖所有能量体系。",保留原值，人工核实；不用于自动纠错。,696036851f95fa11d0a381ccd752afc1aa8a3ecca54a1fd0cf0279ac57a3ebe7
696036851f95fa11d0a381ccd752afc1aa8a3ecca54a1fd0cf0279ac57a3ebe7:56,56,Grapes,UNKNOWN_PROVENANCE_AND_BASIS,{},medium,needs_review,CSV未提供来源、单位、份量或字段定义；所有营养关系检查待核实。,保留原值，人工核实；不用于自动纠错。,696036851f95fa11d0a381ccd752afc1aa8a3ecca54a1fd0cf0279ac57a3ebe7
696036851f95fa11d0a381ccd752afc1aa8a3ecca54a1fd0cf0279ac57a3ebe7:56,56,Grapes,FAT_ENERGY_GT_CALORIES,"{""Calories"": ""78"", ""Fats"": ""27.1""}",high,needs_review,前提：热量为kcal、脂肪为g且同份量；9×脂肪超过标注热量，不能直接判错。,保留原值，人工核实；不用于自动纠错。,696036851f95fa11d0a381ccd752afc1aa8a3ecca54a1fd0cf0279ac57a3ebe7
696036851f95fa11d0a381ccd752afc1aa8a3ecca54a1fd0cf0279ac57a3ebe7:56,56,Grapes,ENERGY_449_DEVIATION,"{""Calories"": ""78"", ""Carbohydrates"": ""65.2"", ""Fats"": ""27.1"", ""Fibre"": ""8.0"", ""Protein"": ""18.2""}",medium,needs_review,条件性辅助估算E0=577.5；偏差>20%；不是自动纠错标准。,保留原值，人工核实；不用于自动纠错。,696036851f95fa11d0a381ccd752afc1aa8a3ecca54a1fd0cf0279ac57a3ebe7
696036851f95fa11d0a381ccd752afc1aa8a3ecca54a1fd0cf0279ac57a3ebe7:56,56,Grapes,ENERGY_FIBRE_SCREEN,"{""Calories"": ""78"", ""Carbohydrates"": ""65.2"", ""Fats"": ""27.1"", ""Fibre"": ""8.0"", ""Protein"": ""18.2""}",high,needs_review,"条件性宽松范围[545.5,593.5]，容差50；不能覆盖所有能量体系。",保留原值，人工核实；不用于自动纠错。,696036851f95fa11d0a381ccd752afc1aa8a3ecca54a1fd0cf0279ac57a3ebe7
696036851f95fa11d0a381ccd752afc1aa8a3ecca54a1fd0cf0279ac57a3ebe7:57,57,Watermelon,UNKNOWN_PROVENANCE_AND_BASIS,{},medium,needs_review,CSV未提供来源、单位、份量或字段定义；所有营养关系检查待核实。,保留原值，人工核实；不用于自动纠错。,696036851f95fa11d0a381ccd752afc1aa8a3ecca54a1fd0cf0279ac57a3ebe7
696036851f95fa11d0a381ccd752afc1aa8a3ecca54a1fd0cf0279ac57a3ebe7:57,57,Watermelon,ENERGY_449_DEVIATION,"{""Calories"": ""237"", ""Carbohydrates"": ""58.1"", ""Fats"": ""21.3"", ""Fibre"": ""5.0"", ""Protein"": ""33.7""}",medium,needs_review,条件性辅助估算E0=558.9；偏差>20%；不是自动纠错标准。,保留原值，人工核实；不用于自动纠错。,696036851f95fa11d0a381ccd752afc1aa8a3ecca54a1fd0cf0279ac57a3ebe7
696036851f95fa11d0a381ccd752afc1aa8a3ecca54a1fd0cf0279ac57a3ebe7:57,57,Watermelon,ENERGY_FIBRE_SCREEN,"{""Calories"": ""237"", ""Carbohydrates"": ""58.1"", ""Fats"": ""21.3"", ""Fibre"": ""5.0"", ""Protein"": ""33.7""}",high,needs_review,"条件性宽松范围[538.9,568.9]，容差50；不能覆盖所有能量体系。",保留原值，人工核实；不用于自动纠错。,696036851f95fa11d0a381ccd752afc1aa8a3ecca54a1fd0cf0279ac57a3ebe7
696036851f95fa11d0a381ccd752afc1aa8a3ecca54a1fd0cf0279ac57a3ebe7:58,58,Avocado,UNKNOWN_PROVENANCE_AND_BASIS,{},medium,needs_review,CSV未提供来源、单位、份量或字段定义；所有营养关系检查待核实。,保留原值，人工核实；不用于自动纠错。,696036851f95fa11d0a381ccd752afc1aa8a3ecca54a1fd0cf0279ac57a3ebe7
696036851f95fa11d0a381ccd752afc1aa8a3ecca54a1fd0cf0279ac57a3ebe7:59,59,Papaya,UNKNOWN_PROVENANCE_AND_BASIS,{},medium,needs_review,CSV未提供来源、单位、份量或字段定义；所有营养关系检查待核实。,保留原值，人工核实；不用于自动纠错。,696036851f95fa11d0a381ccd752afc1aa8a3ecca54a1fd0cf0279ac57a3ebe7
696036851f95fa11d0a381ccd752afc1aa8a3ecca54a1fd0cf0279ac57a3ebe7:59,59,Papaya,ENERGY_449_DEVIATION,"{""Calories"": ""352"", ""Carbohydrates"": ""65.6"", ""Fats"": ""15.6"", ""Fibre"": ""9.8"", ""Protein"": ""24.8""}",medium,needs_review,条件性辅助估算E0=502.0；偏差>20%；不是自动纠错标准。,保留原值，人工核实；不用于自动纠错。,696036851f95fa11d0a381ccd752afc1aa8a3ecca54a1fd0cf0279ac57a3ebe7
696036851f95fa11d0a381ccd752afc1aa8a3ecca54a1fd0cf0279ac57a3ebe7:59,59,Papaya,ENERGY_FIBRE_SCREEN,"{""Calories"": ""352"", ""Carbohydrates"": ""65.6"", ""Fats"": ""15.6"", ""Fibre"": ""9.8"", ""Protein"": ""24.8""}",high,needs_review,"条件性宽松范围[462.8,521.6]，容差70.4；不能覆盖所有能量体系。",保留原值，人工核实；不用于自动纠错。,696036851f95fa11d0a381ccd752afc1aa8a3ecca54a1fd0cf0279ac57a3ebe7
696036851f95fa11d0a381ccd752afc1aa8a3ecca54a1fd0cf0279ac57a3ebe7:60,60,Pomegranate,UNKNOWN_PROVENANCE_AND_BASIS,{},medium,needs_review,CSV未提供来源、单位、份量或字段定义；所有营养关系检查待核实。,保留原值，人工核实；不用于自动纠错。,696036851f95fa11d0a381ccd752afc1aa8a3ecca54a1fd0cf0279ac57a3ebe7
696036851f95fa11d0a381ccd752afc1aa8a3ecca54a1fd0cf0279ac57a3ebe7:60,60,Pomegranate,ENERGY_449_DEVIATION,"{""Calories"": ""459"", ""Carbohydrates"": ""79.9"", ""Fats"": ""28.7"", ""Fibre"": ""9.1"", ""Protein"": ""22.4""}",medium,needs_review,条件性辅助估算E0=667.5；偏差>20%；不是自动纠错标准。,保留原值，人工核实；不用于自动纠错。,696036851f95fa11d0a381ccd752afc1aa8a3ecca54a1fd0cf0279ac57a3ebe7
696036851f95fa11d0a381ccd752afc1aa8a3ecca54a1fd0cf0279ac57a3ebe7:60,60,Pomegranate,ENERGY_FIBRE_SCREEN,"{""Calories"": ""459"", ""Carbohydrates"": ""79.9"", ""Fats"": ""28.7"", ""Fibre"": ""9.1"", ""Protein"": ""22.4""}",high,needs_review,"条件性宽松范围[631.1,685.7]，容差91.8；不能覆盖所有能量体系。",保留原值，人工核实；不用于自动纠错。,696036851f95fa11d0a381ccd752afc1aa8a3ecca54a1fd0cf0279ac57a3ebe7
696036851f95fa11d0a381ccd752afc1aa8a3ecca54a1fd0cf0279ac57a3ebe7:61,61,Kiwi,UNKNOWN_PROVENANCE_AND_BASIS,{},medium,needs_review,CSV未提供来源、单位、份量或字段定义；所有营养关系检查待核实。,保留原值，人工核实；不用于自动纠错。,696036851f95fa11d0a381ccd752afc1aa8a3ecca54a1fd0cf0279ac57a3ebe7
696036851f95fa11d0a381ccd752afc1aa8a3ecca54a1fd0cf0279ac57a3ebe7:61,61,Kiwi,FAT_ENERGY_GT_CALORIES,"{""Calories"": ""184"", ""Fats"": ""31.6""}",high,needs_review,前提：热量为kcal、脂肪为g且同份量；9×脂肪超过标注热量，不能直接判错。,保留原值，人工核实；不用于自动纠错。,696036851f95fa11d0a381ccd752afc1aa8a3ecca54a1fd0cf0279ac57a3ebe7
696036851f95fa11d0a381ccd752afc1aa8a3ecca54a1fd0cf0279ac57a3ebe7:61,61,Kiwi,ENERGY_449_DEVIATION,"{""Calories"": ""184"", ""Carbohydrates"": ""34.6"", ""Fats"": ""31.6"", ""Fibre"": ""7.5"", ""Protein"": ""9.0""}",medium,needs_review,条件性辅助估算E0=458.8；偏差>20%；不是自动纠错标准。,保留原值，人工核实；不用于自动纠错。,696036851f95fa11d0a381ccd752afc1aa8a3ecca54a1fd0cf0279ac57a3ebe7
696036851f95fa11d0a381ccd752afc1aa8a3ecca54a1fd0cf0279ac57a3ebe7:61,61,Kiwi,ENERGY_FIBRE_SCREEN,"{""Calories"": ""184"", ""Carbohydrates"": ""34.6"", ""Fats"": ""31.6"", ""Fibre"": ""7.5"", ""Protein"": ""9.0""}",high,needs_review,"条件性宽松范围[428.8,473.8]，容差50；不能覆盖所有能量体系。",保留原值，人工核实；不用于自动纠错。,696036851f95fa11d0a381ccd752afc1aa8a3ecca54a1fd0cf0279ac57a3ebe7
696036851f95fa11d0a381ccd752afc1aa8a3ecca54a1fd0cf0279ac57a3ebe7:62,62,Peach,UNKNOWN_PROVENANCE_AND_BASIS,{},medium,needs_review,CSV未提供来源、单位、份量或字段定义；所有营养关系检查待核实。,保留原值，人工核实；不用于自动纠错。,696036851f95fa11d0a381ccd752afc1aa8a3ecca54a1fd0cf0279ac57a3ebe7
696036851f95fa11d0a381ccd752afc1aa8a3ecca54a1fd0cf0279ac57a3ebe7:63,63,Plum,UNKNOWN_PROVENANCE_AND_BASIS,{},medium,needs_review,CSV未提供来源、单位、份量或字段定义；所有营养关系检查待核实。,保留原值，人工核实；不用于自动纠错。,696036851f95fa11d0a381ccd752afc1aa8a3ecca54a1fd0cf0279ac57a3ebe7
696036851f95fa11d0a381ccd752afc1aa8a3ecca54a1fd0cf0279ac57a3ebe7:63,63,Plum,SUGAR_GT_CARBS,"{""Carbohydrates"": ""13.8"", ""Sugar"": ""15.9""}",high,needs_review,前提：相同计量基准、相同单位且糖属于该碳水定义；小差异需考虑四舍五入。,保留原值，人工核实；不用于自动纠错。,696036851f95fa11d0a381ccd752afc1aa8a3ecca54a1fd0cf0279ac57a3ebe7
696036851f95fa11d0a381ccd752afc1aa8a3ecca54a1fd0cf0279ac57a3ebe7:63,63,Plum,ENERGY_449_DEVIATION,"{""Calories"": ""230"", ""Carbohydrates"": ""13.8"", ""Fats"": ""25.1"", ""Fibre"": ""3.7"", ""Protein"": ""28.2""}",medium,needs_review,条件性辅助估算E0=393.9；偏差>20%；不是自动纠错标准。,保留原值，人工核实；不用于自动纠错。,696036851f95fa11d0a381ccd752afc1aa8a3ecca54a1fd0cf0279ac57a3ebe7
696036851f95fa11d0a381ccd752afc1aa8a3ecca54a1fd0cf0279ac57a3ebe7:63,63,Plum,ENERGY_FIBRE_SCREEN,"{""Calories"": ""230"", ""Carbohydrates"": ""13.8"", ""Fats"": ""25.1"", ""Fibre"": ""3.7"", ""Protein"": ""28.2""}",high,needs_review,"条件性宽松范围[379.1,401.3]，容差50；不能覆盖所有能量体系。",保留原值，人工核实；不用于自动纠错。,696036851f95fa11d0a381ccd752afc1aa8a3ecca54a1fd0cf0279ac57a3ebe7
696036851f95fa11d0a381ccd752afc1aa8a3ecca54a1fd0cf0279ac57a3ebe7:64,64,Cherries,UNKNOWN_PROVENANCE_AND_BASIS,{},medium,needs_review,CSV未提供来源、单位、份量或字段定义；所有营养关系检查待核实。,保留原值，人工核实；不用于自动纠错。,696036851f95fa11d0a381ccd752afc1aa8a3ecca54a1fd0cf0279ac57a3ebe7
696036851f95fa11d0a381ccd752afc1aa8a3ecca54a1fd0cf0279ac57a3ebe7:65,65,Cranberries,UNKNOWN_PROVENANCE_AND_BASIS,{},medium,needs_review,CSV未提供来源、单位、份量或字段定义；所有营养关系检查待核实。,保留原值，人工核实；不用于自动纠错。,696036851f95fa11d0a381ccd752afc1aa8a3ecca54a1fd0cf0279ac57a3ebe7
696036851f95fa11d0a381ccd752afc1aa8a3ecca54a1fd0cf0279ac57a3ebe7:65,65,Cranberries,SUGAR_GT_CARBS,"{""Carbohydrates"": ""7.1"", ""Sugar"": ""16.7""}",high,needs_review,前提：相同计量基准、相同单位且糖属于该碳水定义；小差异需考虑四舍五入。,保留原值，人工核实；不用于自动纠错。,696036851f95fa11d0a381ccd752afc1aa8a3ecca54a1fd0cf0279ac57a3ebe7
696036851f95fa11d0a381ccd752afc1aa8a3ecca54a1fd0cf0279ac57a3ebe7:66,66,Raspberry,UNKNOWN_PROVENANCE_AND_BASIS,{},medium,needs_review,CSV未提供来源、单位、份量或字段定义；所有营养关系检查待核实。,保留原值，人工核实；不用于自动纠错。,696036851f95fa11d0a381ccd752afc1aa8a3ecca54a1fd0cf0279ac57a3ebe7
696036851f95fa11d0a381ccd752afc1aa8a3ecca54a1fd0cf0279ac57a3ebe7:66,66,Raspberry,SUGAR_GT_CARBS,"{""Carbohydrates"": ""7.7"", ""Sugar"": ""32.6""}",high,needs_review,前提：相同计量基准、相同单位且糖属于该碳水定义；小差异需考虑四舍五入。,保留原值，人工核实；不用于自动纠错。,696036851f95fa11d0a381ccd752afc1aa8a3ecca54a1fd0cf0279ac57a3ebe7
696036851f95fa11d0a381ccd752afc1aa8a3ecca54a1fd0cf0279ac57a3ebe7:66,66,Raspberry,FIBRE_GT_CARBS,"{""Carbohydrates"": ""7.7"", ""Fibre"": ""9.8""}",medium,needs_review,仅在碳水定义包含纤维且同基准时构成疑点；定义未知。,保留原值，人工核实；不用于自动纠错。,696036851f95fa11d0a381ccd752afc1aa8a3ecca54a1fd0cf0279ac57a3ebe7
696036851f95fa11d0a381ccd752afc1aa8a3ecca54a1fd0cf0279ac57a3ebe7:66,66,Raspberry,ENERGY_449_DEVIATION,"{""Calories"": ""578"", ""Carbohydrates"": ""7.7"", ""Fats"": ""30.6"", ""Fibre"": ""9.8"", ""Protein"": ""21.4""}",medium,needs_review,条件性辅助估算E0=391.8；偏差>20%；不是自动纠错标准。,保留原值，人工核实；不用于自动纠错。,696036851f95fa11d0a381ccd752afc1aa8a3ecca54a1fd0cf0279ac57a3ebe7
696036851f95fa11d0a381ccd752afc1aa8a3ecca54a1fd0cf0279ac57a3ebe7:66,66,Raspberry,ENERGY_FIBRE_SCREEN,"{""Calories"": ""578"", ""Carbohydrates"": ""7.7"", ""Fats"": ""30.6"", ""Fibre"": ""9.8"", ""Protein"": ""21.4""}",high,needs_review,"条件性宽松范围[352.6,411.4]，容差115.6；不能覆盖所有能量体系。",保留原值，人工核实；不用于自动纠错。,696036851f95fa11d0a381ccd752afc1aa8a3ecca54a1fd0cf0279ac57a3ebe7
696036851f95fa11d0a381ccd752afc1aa8a3ecca54a1fd0cf0279ac57a3ebe7:67,67,Blackberry,UNKNOWN_PROVENANCE_AND_BASIS,{},medium,needs_review,CSV未提供来源、单位、份量或字段定义；所有营养关系检查待核实。,保留原值，人工核实；不用于自动纠错。,696036851f95fa11d0a381ccd752afc1aa8a3ecca54a1fd0cf0279ac57a3ebe7
696036851f95fa11d0a381ccd752afc1aa8a3ecca54a1fd0cf0279ac57a3ebe7:67,67,Blackberry,SUGAR_GT_CARBS,"{""Carbohydrates"": ""22.9"", ""Sugar"": ""35.8""}",high,needs_review,前提：相同计量基准、相同单位且糖属于该碳水定义；小差异需考虑四舍五入。,保留原值，人工核实；不用于自动纠错。,696036851f95fa11d0a381ccd752afc1aa8a3ecca54a1fd0cf0279ac57a3ebe7
696036851f95fa11d0a381ccd752afc1aa8a3ecca54a1fd0cf0279ac57a3ebe7:67,67,Blackberry,FAT_ENERGY_GT_CALORIES,"{""Calories"": ""136"", ""Fats"": ""31.3""}",high,needs_review,前提：热量为kcal、脂肪为g且同份量；9×脂肪超过标注热量，不能直接判错。,保留原值，人工核实；不用于自动纠错。,696036851f95fa11d0a381ccd752afc1aa8a3ecca54a1fd0cf0279ac57a3ebe7
696036851f95fa11d0a381ccd752afc1aa8a3ecca54a1fd0cf0279ac57a3ebe7:67,67,Blackberry,ENERGY_449_DEVIATION,"{""Calories"": ""136"", ""Carbohydrates"": ""22.9"", ""Fats"": ""31.3"", ""Fibre"": ""9.7"", ""Protein"": ""45.0""}",medium,needs_review,条件性辅助估算E0=553.3；偏差>20%；不是自动纠错标准。,保留原值，人工核实；不用于自动纠错。,696036851f95fa11d0a381ccd752afc1aa8a3ecca54a1fd0cf0279ac57a3ebe7
696036851f95fa11d0a381ccd752afc1aa8a3ecca54a1fd0cf0279ac57a3ebe7:67,67,Blackberry,ENERGY_FIBRE_SCREEN,"{""Calories"": ""136"", ""Carbohydrates"": ""22.9"", ""Fats"": ""31.3"", ""Fibre"": ""9.7"", ""Protein"": ""45.0""}",high,needs_review,"条件性宽松范围[514.5,572.7]，容差50；不能覆盖所有能量体系。",保留原值，人工核实；不用于自动纠错。,696036851f95fa11d0a381ccd752afc1aa8a3ecca54a1fd0cf0279ac57a3ebe7
696036851f95fa11d0a381ccd752afc1aa8a3ecca54a1fd0cf0279ac57a3ebe7:68,68,Dates,UNKNOWN_PROVENANCE_AND_BASIS,{},medium,needs_review,CSV未提供来源、单位、份量或字段定义；所有营养关系检查待核实。,保留原值，人工核实；不用于自动纠错。,696036851f95fa11d0a381ccd752afc1aa8a3ecca54a1fd0cf0279ac57a3ebe7
696036851f95fa11d0a381ccd752afc1aa8a3ecca54a1fd0cf0279ac57a3ebe7:68,68,Dates,SUGAR_GT_CARBS,"{""Carbohydrates"": ""11.0"", ""Sugar"": ""40.2""}",high,needs_review,前提：相同计量基准、相同单位且糖属于该碳水定义；小差异需考虑四舍五入。,保留原值，人工核实；不用于自动纠错。,696036851f95fa11d0a381ccd752afc1aa8a3ecca54a1fd0cf0279ac57a3ebe7
696036851f95fa11d0a381ccd752afc1aa8a3ecca54a1fd0cf0279ac57a3ebe7:68,68,Dates,ENERGY_449_DEVIATION,"{""Calories"": ""440"", ""Carbohydrates"": ""11.0"", ""Fats"": ""3.9"", ""Fibre"": ""4.0"", ""Protein"": ""40.0""}",medium,needs_review,条件性辅助估算E0=239.1；偏差>20%；不是自动纠错标准。,保留原值，人工核实；不用于自动纠错。,696036851f95fa11d0a381ccd752afc1aa8a3ecca54a1fd0cf0279ac57a3ebe7
696036851f95fa11d0a381ccd752afc1aa8a3ecca54a1fd0cf0279ac57a3ebe7:68,68,Dates,ENERGY_FIBRE_SCREEN,"{""Calories"": ""440"", ""Carbohydrates"": ""11.0"", ""Fats"": ""3.9"", ""Fibre"": ""4.0"", ""Protein"": ""40.0""}",high,needs_review,"条件性宽松范围[223.1,247.1]，容差88.0；不能覆盖所有能量体系。",保留原值，人工核实；不用于自动纠错。,696036851f95fa11d0a381ccd752afc1aa8a3ecca54a1fd0cf0279ac57a3ebe7
696036851f95fa11d0a381ccd752afc1aa8a3ecca54a1fd0cf0279ac57a3ebe7:69,69,Milk,UNKNOWN_PROVENANCE_AND_BASIS,{},medium,needs_review,CSV未提供来源、单位、份量或字段定义；所有营养关系检查待核实。,保留原值，人工核实；不用于自动纠错。,696036851f95fa11d0a381ccd752afc1aa8a3ecca54a1fd0cf0279ac57a3ebe7
696036851f95fa11d0a381ccd752afc1aa8a3ecca54a1fd0cf0279ac57a3ebe7:69,69,Milk,ENERGY_449_DEVIATION,"{""Calories"": ""351"", ""Carbohydrates"": ""77.0"", ""Fats"": ""38.7"", ""Fibre"": ""12.3"", ""Protein"": ""34.8""}",medium,needs_review,条件性辅助估算E0=795.5；偏差>20%；不是自动纠错标准。,保留原值，人工核实；不用于自动纠错。,696036851f95fa11d0a381ccd752afc1aa8a3ecca54a1fd0cf0279ac57a3ebe7
696036851f95fa11d0a381ccd752afc1aa8a3ecca54a1fd0cf0279ac57a3ebe7:69,69,Milk,ENERGY_FIBRE_SCREEN,"{""Calories"": ""351"", ""Carbohydrates"": ""77.0"", ""Fats"": ""38.7"", ""Fibre"": ""12.3"", ""Protein"": ""34.8""}",high,needs_review,"条件性宽松范围[746.3,820.1]，容差70.2；不能覆盖所有能量体系。",保留原值，人工核实；不用于自动纠错。,696036851f95fa11d0a381ccd752afc1aa8a3ecca54a1fd0cf0279ac57a3ebe7
696036851f95fa11d0a381ccd752afc1aa8a3ecca54a1fd0cf0279ac57a3ebe7:70,70,Cheddar Cheese,UNKNOWN_PROVENANCE_AND_BASIS,{},medium,needs_review,CSV未提供来源、单位、份量或字段定义；所有营养关系检查待核实。,保留原值，人工核实；不用于自动纠错。,696036851f95fa11d0a381ccd752afc1aa8a3ecca54a1fd0cf0279ac57a3ebe7
696036851f95fa11d0a381ccd752afc1aa8a3ecca54a1fd0cf0279ac57a3ebe7:70,70,Cheddar Cheese,ENERGY_449_DEVIATION,"{""Calories"": ""169"", ""Carbohydrates"": ""58.1"", ""Fats"": ""15.3"", ""Fibre"": ""12.1"", ""Protein"": ""29.1""}",medium,needs_review,条件性辅助估算E0=486.5；偏差>20%；不是自动纠错标准。,保留原值，人工核实；不用于自动纠错。,696036851f95fa11d0a381ccd752afc1aa8a3ecca54a1fd0cf0279ac57a3ebe7
696036851f95fa11d0a381ccd752afc1aa8a3ecca54a1fd0cf0279ac57a3ebe7:70,70,Cheddar Cheese,ENERGY_FIBRE_SCREEN,"{""Calories"": ""169"", ""Carbohydrates"": ""58.1"", ""Fats"": ""15.3"", ""Fibre"": ""12.1"", ""Protein"": ""29.1""}",high,needs_review,"条件性宽松范围[438.1,510.7]，容差50；不能覆盖所有能量体系。",保留原值，人工核实；不用于自动纠错。,696036851f95fa11d0a381ccd752afc1aa8a3ecca54a1fd0cf0279ac57a3ebe7
696036851f95fa11d0a381ccd752afc1aa8a3ecca54a1fd0cf0279ac57a3ebe7:71,71,Mozzarella,UNKNOWN_PROVENANCE_AND_BASIS,{},medium,needs_review,CSV未提供来源、单位、份量或字段定义；所有营养关系检查待核实。,保留原值，人工核实；不用于自动纠错。,696036851f95fa11d0a381ccd752afc1aa8a3ecca54a1fd0cf0279ac57a3ebe7
696036851f95fa11d0a381ccd752afc1aa8a3ecca54a1fd0cf0279ac57a3ebe7:71,71,Mozzarella,SUGAR_GT_CARBS,"{""Carbohydrates"": ""24.6"", ""Sugar"": ""32.2""}",high,needs_review,前提：相同计量基准、相同单位且糖属于该碳水定义；小差异需考虑四舍五入。,保留原值，人工核实；不用于自动纠错。,696036851f95fa11d0a381ccd752afc1aa8a3ecca54a1fd0cf0279ac57a3ebe7
696036851f95fa11d0a381ccd752afc1aa8a3ecca54a1fd0cf0279ac57a3ebe7:72,72,Butter,UNKNOWN_PROVENANCE_AND_BASIS,{},medium,needs_review,CSV未提供来源、单位、份量或字段定义；所有营养关系检查待核实。,保留原值，人工核实；不用于自动纠错。,696036851f95fa11d0a381ccd752afc1aa8a3ecca54a1fd0cf0279ac57a3ebe7
696036851f95fa11d0a381ccd752afc1aa8a3ecca54a1fd0cf0279ac57a3ebe7:72,72,Butter,FAT_ENERGY_GT_CALORIES,"{""Calories"": ""135"", ""Fats"": ""27.1""}",high,needs_review,前提：热量为kcal、脂肪为g且同份量；9×脂肪超过标注热量，不能直接判错。,保留原值，人工核实；不用于自动纠错。,696036851f95fa11d0a381ccd752afc1aa8a3ecca54a1fd0cf0279ac57a3ebe7
696036851f95fa11d0a381ccd752afc1aa8a3ecca54a1fd0cf0279ac57a3ebe7:72,72,Butter,ENERGY_449_DEVIATION,"{""Calories"": ""135"", ""Carbohydrates"": ""48.9"", ""Fats"": ""27.1"", ""Fibre"": ""9.0"", ""Protein"": ""31.5""}",medium,needs_review,条件性辅助估算E0=565.5；偏差>20%；不是自动纠错标准。,保留原值，人工核实；不用于自动纠错。,696036851f95fa11d0a381ccd752afc1aa8a3ecca54a1fd0cf0279ac57a3ebe7
696036851f95fa11d0a381ccd752afc1aa8a3ecca54a1fd0cf0279ac57a3ebe7:72,72,Butter,ENERGY_FIBRE_SCREEN,"{""Calories"": ""135"", ""Carbohydrates"": ""48.9"", ""Fats"": ""27.1"", ""Fibre"": ""9.0"", ""Protein"": ""31.5""}",high,needs_review,"条件性宽松范围[529.5,583.5]，容差50；不能覆盖所有能量体系。",保留原值，人工核实；不用于自动纠错。,696036851f95fa11d0a381ccd752afc1aa8a3ecca54a1fd0cf0279ac57a3ebe7
696036851f95fa11d0a381ccd752afc1aa8a3ecca54a1fd0cf0279ac57a3ebe7:73,73,Cream Cheese,UNKNOWN_PROVENANCE_AND_BASIS,{},medium,needs_review,CSV未提供来源、单位、份量或字段定义；所有营养关系检查待核实。,保留原值，人工核实；不用于自动纠错。,696036851f95fa11d0a381ccd752afc1aa8a3ecca54a1fd0cf0279ac57a3ebe7
696036851f95fa11d0a381ccd752afc1aa8a3ecca54a1fd0cf0279ac57a3ebe7:73,73,Cream Cheese,SUGAR_GT_CARBS,"{""Carbohydrates"": ""40.5"", ""Sugar"": ""40.6""}",medium,needs_review,前提：相同计量基准、相同单位且糖属于该碳水定义；小差异需考虑四舍五入。,保留原值，人工核实；不用于自动纠错。,696036851f95fa11d0a381ccd752afc1aa8a3ecca54a1fd0cf0279ac57a3ebe7
696036851f95fa11d0a381ccd752afc1aa8a3ecca54a1fd0cf0279ac57a3ebe7:73,73,Cream Cheese,ENERGY_449_DEVIATION,"{""Calories"": ""213"", ""Carbohydrates"": ""40.5"", ""Fats"": ""22.1"", ""Fibre"": ""4.4"", ""Protein"": ""24.0""}",medium,needs_review,条件性辅助估算E0=456.9；偏差>20%；不是自动纠错标准。,保留原值，人工核实；不用于自动纠错。,696036851f95fa11d0a381ccd752afc1aa8a3ecca54a1fd0cf0279ac57a3ebe7
696036851f95fa11d0a381ccd752afc1aa8a3ecca54a1fd0cf0279ac57a3ebe7:73,73,Cream Cheese,ENERGY_FIBRE_SCREEN,"{""Calories"": ""213"", ""Carbohydrates"": ""40.5"", ""Fats"": ""22.1"", ""Fibre"": ""4.4"", ""Protein"": ""24.0""}",high,needs_review,"条件性宽松范围[439.3,465.7]，容差50；不能覆盖所有能量体系。",保留原值，人工核实；不用于自动纠错。,696036851f95fa11d0a381ccd752afc1aa8a3ecca54a1fd0cf0279ac57a3ebe7
696036851f95fa11d0a381ccd752afc1aa8a3ecca54a1fd0cf0279ac57a3ebe7:74,74,Parmesan,UNKNOWN_PROVENANCE_AND_BASIS,{},medium,needs_review,CSV未提供来源、单位、份量或字段定义；所有营养关系检查待核实。,保留原值，人工核实；不用于自动纠错。,696036851f95fa11d0a381ccd752afc1aa8a3ecca54a1fd0cf0279ac57a3ebe7
696036851f95fa11d0a381ccd752afc1aa8a3ecca54a1fd0cf0279ac57a3ebe7:74,74,Parmesan,FAT_ENERGY_GT_CALORIES,"{""Calories"": ""90"", ""Fats"": ""32.3""}",high,needs_review,前提：热量为kcal、脂肪为g且同份量；9×脂肪超过标注热量，不能直接判错。,保留原值，人工核实；不用于自动纠错。,696036851f95fa11d0a381ccd752afc1aa8a3ecca54a1fd0cf0279ac57a3ebe7
696036851f95fa11d0a381ccd752afc1aa8a3ecca54a1fd0cf0279ac57a3ebe7:74,74,Parmesan,ENERGY_449_DEVIATION,"{""Calories"": ""90"", ""Carbohydrates"": ""52.5"", ""Fats"": ""32.3"", ""Fibre"": ""10.2"", ""Protein"": ""31.1""}",medium,needs_review,条件性辅助估算E0=625.1；偏差>20%；不是自动纠错标准。,保留原值，人工核实；不用于自动纠错。,696036851f95fa11d0a381ccd752afc1aa8a3ecca54a1fd0cf0279ac57a3ebe7
696036851f95fa11d0a381ccd752afc1aa8a3ecca54a1fd0cf0279ac57a3ebe7:74,74,Parmesan,ENERGY_FIBRE_SCREEN,"{""Calories"": ""90"", ""Carbohydrates"": ""52.5"", ""Fats"": ""32.3"", ""Fibre"": ""10.2"", ""Protein"": ""31.1""}",high,needs_review,"条件性宽松范围[584.3,645.5]，容差50；不能覆盖所有能量体系。",保留原值，人工核实；不用于自动纠错。,696036851f95fa11d0a381ccd752afc1aa8a3ecca54a1fd0cf0279ac57a3ebe7
696036851f95fa11d0a381ccd752afc1aa8a3ecca54a1fd0cf0279ac57a3ebe7:75,75,Yogurt,UNKNOWN_PROVENANCE_AND_BASIS,{},medium,needs_review,CSV未提供来源、单位、份量或字段定义；所有营养关系检查待核实。,保留原值，人工核实；不用于自动纠错。,696036851f95fa11d0a381ccd752afc1aa8a3ecca54a1fd0cf0279ac57a3ebe7
696036851f95fa11d0a381ccd752afc1aa8a3ecca54a1fd0cf0279ac57a3ebe7:75,75,Yogurt,ENERGY_449_DEVIATION,"{""Calories"": ""187"", ""Carbohydrates"": ""60.9"", ""Fats"": ""18.5"", ""Fibre"": ""3.6"", ""Protein"": ""48.8""}",medium,needs_review,条件性辅助估算E0=605.3；偏差>20%；不是自动纠错标准。,保留原值，人工核实；不用于自动纠错。,696036851f95fa11d0a381ccd752afc1aa8a3ecca54a1fd0cf0279ac57a3ebe7
696036851f95fa11d0a381ccd752afc1aa8a3ecca54a1fd0cf0279ac57a3ebe7:75,75,Yogurt,ENERGY_FIBRE_SCREEN,"{""Calories"": ""187"", ""Carbohydrates"": ""60.9"", ""Fats"": ""18.5"", ""Fibre"": ""3.6"", ""Protein"": ""48.8""}",high,needs_review,"条件性宽松范围[590.9,612.5]，容差50；不能覆盖所有能量体系。",保留原值，人工核实；不用于自动纠错。,696036851f95fa11d0a381ccd752afc1aa8a3ecca54a1fd0cf0279ac57a3ebe7
696036851f95fa11d0a381ccd752afc1aa8a3ecca54a1fd0cf0279ac57a3ebe7:76,76,Buttermilk,UNKNOWN_PROVENANCE_AND_BASIS,{},medium,needs_review,CSV未提供来源、单位、份量或字段定义；所有营养关系检查待核实。,保留原值，人工核实；不用于自动纠错。,696036851f95fa11d0a381ccd752afc1aa8a3ecca54a1fd0cf0279ac57a3ebe7
696036851f95fa11d0a381ccd752afc1aa8a3ecca54a1fd0cf0279ac57a3ebe7:76,76,Buttermilk,ENERGY_449_DEVIATION,"{""Calories"": ""343"", ""Carbohydrates"": ""67.1"", ""Fats"": ""7.8"", ""Fibre"": ""9.9"", ""Protein"": ""30.9""}",medium,needs_review,条件性辅助估算E0=462.2；偏差>20%；不是自动纠错标准。,保留原值，人工核实；不用于自动纠错。,696036851f95fa11d0a381ccd752afc1aa8a3ecca54a1fd0cf0279ac57a3ebe7
696036851f95fa11d0a381ccd752afc1aa8a3ecca54a1fd0cf0279ac57a3ebe7:76,76,Buttermilk,ENERGY_FIBRE_SCREEN,"{""Calories"": ""343"", ""Carbohydrates"": ""67.1"", ""Fats"": ""7.8"", ""Fibre"": ""9.9"", ""Protein"": ""30.9""}",high,needs_review,"条件性宽松范围[422.6,482.0]，容差68.6；不能覆盖所有能量体系。",保留原值，人工核实；不用于自动纠错。,696036851f95fa11d0a381ccd752afc1aa8a3ecca54a1fd0cf0279ac57a3ebe7
696036851f95fa11d0a381ccd752afc1aa8a3ecca54a1fd0cf0279ac57a3ebe7:77,77,Cashews,UNKNOWN_PROVENANCE_AND_BASIS,{},medium,needs_review,CSV未提供来源、单位、份量或字段定义；所有营养关系检查待核实。,保留原值，人工核实；不用于自动纠错。,696036851f95fa11d0a381ccd752afc1aa8a3ecca54a1fd0cf0279ac57a3ebe7
696036851f95fa11d0a381ccd752afc1aa8a3ecca54a1fd0cf0279ac57a3ebe7:77,77,Cashews,ENERGY_449_DEVIATION,"{""Calories"": ""357"", ""Carbohydrates"": ""69.9"", ""Fats"": ""29.4"", ""Fibre"": ""11.2"", ""Protein"": ""43.5""}",medium,needs_review,条件性辅助估算E0=718.2；偏差>20%；不是自动纠错标准。,保留原值，人工核实；不用于自动纠错。,696036851f95fa11d0a381ccd752afc1aa8a3ecca54a1fd0cf0279ac57a3ebe7
696036851f95fa11d0a381ccd752afc1aa8a3ecca54a1fd0cf0279ac57a3ebe7:77,77,Cashews,ENERGY_FIBRE_SCREEN,"{""Calories"": ""357"", ""Carbohydrates"": ""69.9"", ""Fats"": ""29.4"", ""Fibre"": ""11.2"", ""Protein"": ""43.5""}",high,needs_review,"条件性宽松范围[673.4,740.6]，容差71.4；不能覆盖所有能量体系。",保留原值，人工核实；不用于自动纠错。,696036851f95fa11d0a381ccd752afc1aa8a3ecca54a1fd0cf0279ac57a3ebe7
696036851f95fa11d0a381ccd752afc1aa8a3ecca54a1fd0cf0279ac57a3ebe7:78,78,Macadamia Nuts,UNKNOWN_PROVENANCE_AND_BASIS,{},medium,needs_review,CSV未提供来源、单位、份量或字段定义；所有营养关系检查待核实。,保留原值，人工核实；不用于自动纠错。,696036851f95fa11d0a381ccd752afc1aa8a3ecca54a1fd0cf0279ac57a3ebe7
696036851f95fa11d0a381ccd752afc1aa8a3ecca54a1fd0cf0279ac57a3ebe7:78,78,Macadamia Nuts,ENERGY_449_DEVIATION,"{""Calories"": ""422"", ""Carbohydrates"": ""62.5"", ""Fats"": ""31.9"", ""Fibre"": ""14.9"", ""Protein"": ""41.3""}",medium,needs_review,条件性辅助估算E0=702.3；偏差>20%；不是自动纠错标准。,保留原值，人工核实；不用于自动纠错。,696036851f95fa11d0a381ccd752afc1aa8a3ecca54a1fd0cf0279ac57a3ebe7
696036851f95fa11d0a381ccd752afc1aa8a3ecca54a1fd0cf0279ac57a3ebe7:78,78,Macadamia Nuts,ENERGY_FIBRE_SCREEN,"{""Calories"": ""422"", ""Carbohydrates"": ""62.5"", ""Fats"": ""31.9"", ""Fibre"": ""14.9"", ""Protein"": ""41.3""}",high,needs_review,"条件性宽松范围[642.7,732.1]，容差84.4；不能覆盖所有能量体系。",保留原值，人工核实；不用于自动纠错。,696036851f95fa11d0a381ccd752afc1aa8a3ecca54a1fd0cf0279ac57a3ebe7
696036851f95fa11d0a381ccd752afc1aa8a3ecca54a1fd0cf0279ac57a3ebe7:79,79,Pecans,UNKNOWN_PROVENANCE_AND_BASIS,{},medium,needs_review,CSV未提供来源、单位、份量或字段定义；所有营养关系检查待核实。,保留原值，人工核实；不用于自动纠错。,696036851f95fa11d0a381ccd752afc1aa8a3ecca54a1fd0cf0279ac57a3ebe7
696036851f95fa11d0a381ccd752afc1aa8a3ecca54a1fd0cf0279ac57a3ebe7:79,79,Pecans,SUGAR_GT_CARBS,"{""Carbohydrates"": ""21.1"", ""Sugar"": ""43.0""}",high,needs_review,前提：相同计量基准、相同单位且糖属于该碳水定义；小差异需考虑四舍五入。,保留原值，人工核实；不用于自动纠错。,696036851f95fa11d0a381ccd752afc1aa8a3ecca54a1fd0cf0279ac57a3ebe7
696036851f95fa11d0a381ccd752afc1aa8a3ecca54a1fd0cf0279ac57a3ebe7:79,79,Pecans,FAT_ENERGY_GT_CALORIES,"{""Calories"": ""100"", ""Fats"": ""39.7""}",high,needs_review,前提：热量为kcal、脂肪为g且同份量；9×脂肪超过标注热量，不能直接判错。,保留原值，人工核实；不用于自动纠错。,696036851f95fa11d0a381ccd752afc1aa8a3ecca54a1fd0cf0279ac57a3ebe7
696036851f95fa11d0a381ccd752afc1aa8a3ecca54a1fd0cf0279ac57a3ebe7:79,79,Pecans,ENERGY_449_DEVIATION,"{""Calories"": ""100"", ""Carbohydrates"": ""21.1"", ""Fats"": ""39.7"", ""Fibre"": ""7.1"", ""Protein"": ""3.9""}",medium,needs_review,条件性辅助估算E0=457.3；偏差>20%；不是自动纠错标准。,保留原值，人工核实；不用于自动纠错。,696036851f95fa11d0a381ccd752afc1aa8a3ecca54a1fd0cf0279ac57a3ebe7
696036851f95fa11d0a381ccd752afc1aa8a3ecca54a1fd0cf0279ac57a3ebe7:79,79,Pecans,ENERGY_FIBRE_SCREEN,"{""Calories"": ""100"", ""Carbohydrates"": ""21.1"", ""Fats"": ""39.7"", ""Fibre"": ""7.1"", ""Protein"": ""3.9""}",high,needs_review,"条件性宽松范围[428.9,471.5]，容差50；不能覆盖所有能量体系。",保留原值，人工核实；不用于自动纠错。,696036851f95fa11d0a381ccd752afc1aa8a3ecca54a1fd0cf0279ac57a3ebe7
696036851f95fa11d0a381ccd752afc1aa8a3ecca54a1fd0cf0279ac57a3ebe7:80,80,Brazil Nuts,UNKNOWN_PROVENANCE_AND_BASIS,{},medium,needs_review,CSV未提供来源、单位、份量或字段定义；所有营养关系检查待核实。,保留原值，人工核实；不用于自动纠错。,696036851f95fa11d0a381ccd752afc1aa8a3ecca54a1fd0cf0279ac57a3ebe7
696036851f95fa11d0a381ccd752afc1aa8a3ecca54a1fd0cf0279ac57a3ebe7:80,80,Brazil Nuts,ENERGY_449_DEVIATION,"{""Calories"": ""422"", ""Carbohydrates"": ""78.3"", ""Fats"": ""26.9"", ""Fibre"": ""4.1"", ""Protein"": ""20.3""}",medium,needs_review,条件性辅助估算E0=636.5；偏差>20%；不是自动纠错标准。,保留原值，人工核实；不用于自动纠错。,696036851f95fa11d0a381ccd752afc1aa8a3ecca54a1fd0cf0279ac57a3ebe7
696036851f95fa11d0a381ccd752afc1aa8a3ecca54a1fd0cf0279ac57a3ebe7:80,80,Brazil Nuts,ENERGY_FIBRE_SCREEN,"{""Calories"": ""422"", ""Carbohydrates"": ""78.3"", ""Fats"": ""26.9"", ""Fibre"": ""4.1"", ""Protein"": ""20.3""}",high,needs_review,"条件性宽松范围[620.1,644.7]，容差84.4；不能覆盖所有能量体系。",保留原值，人工核实；不用于自动纠错。,696036851f95fa11d0a381ccd752afc1aa8a3ecca54a1fd0cf0279ac57a3ebe7
696036851f95fa11d0a381ccd752afc1aa8a3ecca54a1fd0cf0279ac57a3ebe7:81,81,Flax Seeds,UNKNOWN_PROVENANCE_AND_BASIS,{},medium,needs_review,CSV未提供来源、单位、份量或字段定义；所有营养关系检查待核实。,保留原值，人工核实；不用于自动纠错。,696036851f95fa11d0a381ccd752afc1aa8a3ecca54a1fd0cf0279ac57a3ebe7
696036851f95fa11d0a381ccd752afc1aa8a3ecca54a1fd0cf0279ac57a3ebe7:81,81,Flax Seeds,SUGAR_GT_CARBS,"{""Carbohydrates"": ""21.0"", ""Sugar"": ""25.2""}",high,needs_review,前提：相同计量基准、相同单位且糖属于该碳水定义；小差异需考虑四舍五入。,保留原值，人工核实；不用于自动纠错。,696036851f95fa11d0a381ccd752afc1aa8a3ecca54a1fd0cf0279ac57a3ebe7
696036851f95fa11d0a381ccd752afc1aa8a3ecca54a1fd0cf0279ac57a3ebe7:81,81,Flax Seeds,FAT_ENERGY_GT_CALORIES,"{""Calories"": ""164"", ""Fats"": ""38.9""}",high,needs_review,前提：热量为kcal、脂肪为g且同份量；9×脂肪超过标注热量，不能直接判错。,保留原值，人工核实；不用于自动纠错。,696036851f95fa11d0a381ccd752afc1aa8a3ecca54a1fd0cf0279ac57a3ebe7
696036851f95fa11d0a381ccd752afc1aa8a3ecca54a1fd0cf0279ac57a3ebe7:81,81,Flax Seeds,ENERGY_449_DEVIATION,"{""Calories"": ""164"", ""Carbohydrates"": ""21.0"", ""Fats"": ""38.9"", ""Fibre"": ""14.1"", ""Protein"": ""25.4""}",medium,needs_review,条件性辅助估算E0=535.7；偏差>20%；不是自动纠错标准。,保留原值，人工核实；不用于自动纠错。,696036851f95fa11d0a381ccd752afc1aa8a3ecca54a1fd0cf0279ac57a3ebe7
696036851f95fa11d0a381ccd752afc1aa8a3ecca54a1fd0cf0279ac57a3ebe7:81,81,Flax Seeds,ENERGY_FIBRE_SCREEN,"{""Calories"": ""164"", ""Carbohydrates"": ""21.0"", ""Fats"": ""38.9"", ""Fibre"": ""14.1"", ""Protein"": ""25.4""}",high,needs_review,"条件性宽松范围[479.3,563.9]，容差50；不能覆盖所有能量体系。",保留原值，人工核实；不用于自动纠错。,696036851f95fa11d0a381ccd752afc1aa8a3ecca54a1fd0cf0279ac57a3ebe7
696036851f95fa11d0a381ccd752afc1aa8a3ecca54a1fd0cf0279ac57a3ebe7:82,82,Hemp Seeds,UNKNOWN_PROVENANCE_AND_BASIS,{},medium,needs_review,CSV未提供来源、单位、份量或字段定义；所有营养关系检查待核实。,保留原值，人工核实；不用于自动纠错。,696036851f95fa11d0a381ccd752afc1aa8a3ecca54a1fd0cf0279ac57a3ebe7
696036851f95fa11d0a381ccd752afc1aa8a3ecca54a1fd0cf0279ac57a3ebe7:82,82,Hemp Seeds,ENERGY_449_DEVIATION,"{""Calories"": ""237"", ""Carbohydrates"": ""71.4"", ""Fats"": ""0.4"", ""Fibre"": ""4.5"", ""Protein"": ""39.2""}",medium,needs_review,条件性辅助估算E0=446.0；偏差>20%；不是自动纠错标准。,保留原值，人工核实；不用于自动纠错。,696036851f95fa11d0a381ccd752afc1aa8a3ecca54a1fd0cf0279ac57a3ebe7
696036851f95fa11d0a381ccd752afc1aa8a3ecca54a1fd0cf0279ac57a3ebe7:82,82,Hemp Seeds,ENERGY_FIBRE_SCREEN,"{""Calories"": ""237"", ""Carbohydrates"": ""71.4"", ""Fats"": ""0.4"", ""Fibre"": ""4.5"", ""Protein"": ""39.2""}",high,needs_review,"条件性宽松范围[428.0,455.0]，容差50；不能覆盖所有能量体系。",保留原值，人工核实；不用于自动纠错。,696036851f95fa11d0a381ccd752afc1aa8a3ecca54a1fd0cf0279ac57a3ebe7
696036851f95fa11d0a381ccd752afc1aa8a3ecca54a1fd0cf0279ac57a3ebe7:83,83,Sesame Seeds,UNKNOWN_PROVENANCE_AND_BASIS,{},medium,needs_review,CSV未提供来源、单位、份量或字段定义；所有营养关系检查待核实。,保留原值，人工核实；不用于自动纠错。,696036851f95fa11d0a381ccd752afc1aa8a3ecca54a1fd0cf0279ac57a3ebe7
696036851f95fa11d0a381ccd752afc1aa8a3ecca54a1fd0cf0279ac57a3ebe7:83,83,Sesame Seeds,SUGAR_GT_CARBS,"{""Carbohydrates"": ""9.8"", ""Sugar"": ""15.3""}",high,needs_review,前提：相同计量基准、相同单位且糖属于该碳水定义；小差异需考虑四舍五入。,保留原值，人工核实；不用于自动纠错。,696036851f95fa11d0a381ccd752afc1aa8a3ecca54a1fd0cf0279ac57a3ebe7
696036851f95fa11d0a381ccd752afc1aa8a3ecca54a1fd0cf0279ac57a3ebe7:84,84,Pumpkin Seeds,UNKNOWN_PROVENANCE_AND_BASIS,{},medium,needs_review,CSV未提供来源、单位、份量或字段定义；所有营养关系检查待核实。,保留原值，人工核实；不用于自动纠错。,696036851f95fa11d0a381ccd752afc1aa8a3ecca54a1fd0cf0279ac57a3ebe7
696036851f95fa11d0a381ccd752afc1aa8a3ecca54a1fd0cf0279ac57a3ebe7:84,84,Pumpkin Seeds,ENERGY_449_DEVIATION,"{""Calories"": ""518"", ""Carbohydrates"": ""12.6"", ""Fats"": ""18.8"", ""Fibre"": ""11.6"", ""Protein"": ""15.0""}",medium,needs_review,条件性辅助估算E0=279.6；偏差>20%；不是自动纠错标准。,保留原值，人工核实；不用于自动纠错。,696036851f95fa11d0a381ccd752afc1aa8a3ecca54a1fd0cf0279ac57a3ebe7
696036851f95fa11d0a381ccd752afc1aa8a3ecca54a1fd0cf0279ac57a3ebe7:84,84,Pumpkin Seeds,ENERGY_FIBRE_SCREEN,"{""Calories"": ""518"", ""Carbohydrates"": ""12.6"", ""Fats"": ""18.8"", ""Fibre"": ""11.6"", ""Protein"": ""15.0""}",high,needs_review,"条件性宽松范围[233.2,302.8]，容差103.6；不能覆盖所有能量体系。",保留原值，人工核实；不用于自动纠错。,696036851f95fa11d0a381ccd752afc1aa8a3ecca54a1fd0cf0279ac57a3ebe7
696036851f95fa11d0a381ccd752afc1aa8a3ecca54a1fd0cf0279ac57a3ebe7:85,85,Sardines,UNKNOWN_PROVENANCE_AND_BASIS,{},medium,needs_review,CSV未提供来源、单位、份量或字段定义；所有营养关系检查待核实。,保留原值，人工核实；不用于自动纠错。,696036851f95fa11d0a381ccd752afc1aa8a3ecca54a1fd0cf0279ac57a3ebe7
696036851f95fa11d0a381ccd752afc1aa8a3ecca54a1fd0cf0279ac57a3ebe7:86,86,Mackerel,UNKNOWN_PROVENANCE_AND_BASIS,{},medium,needs_review,CSV未提供来源、单位、份量或字段定义；所有营养关系检查待核实。,保留原值，人工核实；不用于自动纠错。,696036851f95fa11d0a381ccd752afc1aa8a3ecca54a1fd0cf0279ac57a3ebe7
696036851f95fa11d0a381ccd752afc1aa8a3ecca54a1fd0cf0279ac57a3ebe7:86,86,Mackerel,SUGAR_GT_CARBS,"{""Carbohydrates"": ""16.1"", ""Sugar"": ""30.4""}",high,needs_review,前提：相同计量基准、相同单位且糖属于该碳水定义；小差异需考虑四舍五入。,保留原值，人工核实；不用于自动纠错。,696036851f95fa11d0a381ccd752afc1aa8a3ecca54a1fd0cf0279ac57a3ebe7
696036851f95fa11d0a381ccd752afc1aa8a3ecca54a1fd0cf0279ac57a3ebe7:87,87,Lobster,UNKNOWN_PROVENANCE_AND_BASIS,{},medium,needs_review,CSV未提供来源、单位、份量或字段定义；所有营养关系检查待核实。,保留原值，人工核实；不用于自动纠错。,696036851f95fa11d0a381ccd752afc1aa8a3ecca54a1fd0cf0279ac57a3ebe7
696036851f95fa11d0a381ccd752afc1aa8a3ecca54a1fd0cf0279ac57a3ebe7:88,88,Crab,UNKNOWN_PROVENANCE_AND_BASIS,{},medium,needs_review,CSV未提供来源、单位、份量或字段定义；所有营养关系检查待核实。,保留原值，人工核实；不用于自动纠错。,696036851f95fa11d0a381ccd752afc1aa8a3ecca54a1fd0cf0279ac57a3ebe7
696036851f95fa11d0a381ccd752afc1aa8a3ecca54a1fd0cf0279ac57a3ebe7:88,88,Crab,ENERGY_449_DEVIATION,"{""Calories"": ""269"", ""Carbohydrates"": ""58.9"", ""Fats"": ""5.4"", ""Fibre"": ""3.0"", ""Protein"": ""48.9""}",medium,needs_review,条件性辅助估算E0=479.8；偏差>20%；不是自动纠错标准。,保留原值，人工核实；不用于自动纠错。,696036851f95fa11d0a381ccd752afc1aa8a3ecca54a1fd0cf0279ac57a3ebe7
696036851f95fa11d0a381ccd752afc1aa8a3ecca54a1fd0cf0279ac57a3ebe7:88,88,Crab,ENERGY_FIBRE_SCREEN,"{""Calories"": ""269"", ""Carbohydrates"": ""58.9"", ""Fats"": ""5.4"", ""Fibre"": ""3.0"", ""Protein"": ""48.9""}",high,needs_review,"条件性宽松范围[467.8,485.8]，容差53.8；不能覆盖所有能量体系。",保留原值，人工核实；不用于自动纠错。,696036851f95fa11d0a381ccd752afc1aa8a3ecca54a1fd0cf0279ac57a3ebe7
696036851f95fa11d0a381ccd752afc1aa8a3ecca54a1fd0cf0279ac57a3ebe7:89,89,Oysters,UNKNOWN_PROVENANCE_AND_BASIS,{},medium,needs_review,CSV未提供来源、单位、份量或字段定义；所有营养关系检查待核实。,保留原值，人工核实；不用于自动纠错。,696036851f95fa11d0a381ccd752afc1aa8a3ecca54a1fd0cf0279ac57a3ebe7
696036851f95fa11d0a381ccd752afc1aa8a3ecca54a1fd0cf0279ac57a3ebe7:89,89,Oysters,ENERGY_449_DEVIATION,"{""Calories"": ""429"", ""Carbohydrates"": ""37.0"", ""Fats"": ""3.0"", ""Fibre"": ""9.9"", ""Protein"": ""30.7""}",medium,needs_review,条件性辅助估算E0=297.8；偏差>20%；不是自动纠错标准。,保留原值，人工核实；不用于自动纠错。,696036851f95fa11d0a381ccd752afc1aa8a3ecca54a1fd0cf0279ac57a3ebe7
696036851f95fa11d0a381ccd752afc1aa8a3ecca54a1fd0cf0279ac57a3ebe7:89,89,Oysters,ENERGY_FIBRE_SCREEN,"{""Calories"": ""429"", ""Carbohydrates"": ""37.0"", ""Fats"": ""3.0"", ""Fibre"": ""9.9"", ""Protein"": ""30.7""}",high,needs_review,"条件性宽松范围[258.2,317.6]，容差85.8；不能覆盖所有能量体系。",保留原值，人工核实；不用于自动纠错。,696036851f95fa11d0a381ccd752afc1aa8a3ecca54a1fd0cf0279ac57a3ebe7
696036851f95fa11d0a381ccd752afc1aa8a3ecca54a1fd0cf0279ac57a3ebe7:90,90,Clams,UNKNOWN_PROVENANCE_AND_BASIS,{},medium,needs_review,CSV未提供来源、单位、份量或字段定义；所有营养关系检查待核实。,保留原值，人工核实；不用于自动纠错。,696036851f95fa11d0a381ccd752afc1aa8a3ecca54a1fd0cf0279ac57a3ebe7
696036851f95fa11d0a381ccd752afc1aa8a3ecca54a1fd0cf0279ac57a3ebe7:90,90,Clams,SUGAR_GT_CARBS,"{""Carbohydrates"": ""12.1"", ""Sugar"": ""39.7""}",high,needs_review,前提：相同计量基准、相同单位且糖属于该碳水定义；小差异需考虑四舍五入。,保留原值，人工核实；不用于自动纠错。,696036851f95fa11d0a381ccd752afc1aa8a3ecca54a1fd0cf0279ac57a3ebe7
696036851f95fa11d0a381ccd752afc1aa8a3ecca54a1fd0cf0279ac57a3ebe7:90,90,Clams,ENERGY_449_DEVIATION,"{""Calories"": ""538"", ""Carbohydrates"": ""12.1"", ""Fats"": ""5.2"", ""Fibre"": ""9.8"", ""Protein"": ""45.0""}",medium,needs_review,条件性辅助估算E0=275.2；偏差>20%；不是自动纠错标准。,保留原值，人工核实；不用于自动纠错。,696036851f95fa11d0a381ccd752afc1aa8a3ecca54a1fd0cf0279ac57a3ebe7
696036851f95fa11d0a381ccd752afc1aa8a3ecca54a1fd0cf0279ac57a3ebe7:90,90,Clams,ENERGY_FIBRE_SCREEN,"{""Calories"": ""538"", ""Carbohydrates"": ""12.1"", ""Fats"": ""5.2"", ""Fibre"": ""9.8"", ""Protein"": ""45.0""}",high,needs_review,"条件性宽松范围[236.0,294.8]，容差107.6；不能覆盖所有能量体系。",保留原值，人工核实；不用于自动纠错。,696036851f95fa11d0a381ccd752afc1aa8a3ecca54a1fd0cf0279ac57a3ebe7
696036851f95fa11d0a381ccd752afc1aa8a3ecca54a1fd0cf0279ac57a3ebe7:91,91,Squid,UNKNOWN_PROVENANCE_AND_BASIS,{},medium,needs_review,CSV未提供来源、单位、份量或字段定义；所有营养关系检查待核实。,保留原值，人工核实；不用于自动纠错。,696036851f95fa11d0a381ccd752afc1aa8a3ecca54a1fd0cf0279ac57a3ebe7
696036851f95fa11d0a381ccd752afc1aa8a3ecca54a1fd0cf0279ac57a3ebe7:91,91,Squid,ENERGY_449_DEVIATION,"{""Calories"": ""350"", ""Carbohydrates"": ""47.3"", ""Fats"": ""26.7"", ""Fibre"": ""11.3"", ""Protein"": ""50.0""}",medium,needs_review,条件性辅助估算E0=629.5；偏差>20%；不是自动纠错标准。,保留原值，人工核实；不用于自动纠错。,696036851f95fa11d0a381ccd752afc1aa8a3ecca54a1fd0cf0279ac57a3ebe7
696036851f95fa11d0a381ccd752afc1aa8a3ecca54a1fd0cf0279ac57a3ebe7:91,91,Squid,ENERGY_FIBRE_SCREEN,"{""Calories"": ""350"", ""Carbohydrates"": ""47.3"", ""Fats"": ""26.7"", ""Fibre"": ""11.3"", ""Protein"": ""50.0""}",high,needs_review,"条件性宽松范围[584.3,652.1]，容差70.0；不能覆盖所有能量体系。",保留原值，人工核实；不用于自动纠错。,696036851f95fa11d0a381ccd752afc1aa8a3ecca54a1fd0cf0279ac57a3ebe7
696036851f95fa11d0a381ccd752afc1aa8a3ecca54a1fd0cf0279ac57a3ebe7:92,92,Scallops,UNKNOWN_PROVENANCE_AND_BASIS,{},medium,needs_review,CSV未提供来源、单位、份量或字段定义；所有营养关系检查待核实。,保留原值，人工核实；不用于自动纠错。,696036851f95fa11d0a381ccd752afc1aa8a3ecca54a1fd0cf0279ac57a3ebe7
696036851f95fa11d0a381ccd752afc1aa8a3ecca54a1fd0cf0279ac57a3ebe7:92,92,Scallops,SUGAR_GT_CARBS,"{""Carbohydrates"": ""4.9"", ""Sugar"": ""46.1""}",high,needs_review,前提：相同计量基准、相同单位且糖属于该碳水定义；小差异需考虑四舍五入。,保留原值，人工核实；不用于自动纠错。,696036851f95fa11d0a381ccd752afc1aa8a3ecca54a1fd0cf0279ac57a3ebe7
696036851f95fa11d0a381ccd752afc1aa8a3ecca54a1fd0cf0279ac57a3ebe7:92,92,Scallops,FIBRE_GT_CARBS,"{""Carbohydrates"": ""4.9"", ""Fibre"": ""13.9""}",medium,needs_review,仅在碳水定义包含纤维且同基准时构成疑点；定义未知。,保留原值，人工核实；不用于自动纠错。,696036851f95fa11d0a381ccd752afc1aa8a3ecca54a1fd0cf0279ac57a3ebe7
696036851f95fa11d0a381ccd752afc1aa8a3ecca54a1fd0cf0279ac57a3ebe7:93,93,Green Tea,UNKNOWN_PROVENANCE_AND_BASIS,{},medium,needs_review,CSV未提供来源、单位、份量或字段定义；所有营养关系检查待核实。,保留原值，人工核实；不用于自动纠错。,696036851f95fa11d0a381ccd752afc1aa8a3ecca54a1fd0cf0279ac57a3ebe7
696036851f95fa11d0a381ccd752afc1aa8a3ecca54a1fd0cf0279ac57a3ebe7:93,93,Green Tea,ENERGY_449_DEVIATION,"{""Calories"": ""469"", ""Carbohydrates"": ""34.2"", ""Fats"": ""0.8"", ""Fibre"": ""13.9"", ""Protein"": ""39.3""}",medium,needs_review,条件性辅助估算E0=301.2；偏差>20%；不是自动纠错标准。,保留原值，人工核实；不用于自动纠错。,696036851f95fa11d0a381ccd752afc1aa8a3ecca54a1fd0cf0279ac57a3ebe7
696036851f95fa11d0a381ccd752afc1aa8a3ecca54a1fd0cf0279ac57a3ebe7:93,93,Green Tea,ENERGY_FIBRE_SCREEN,"{""Calories"": ""469"", ""Carbohydrates"": ""34.2"", ""Fats"": ""0.8"", ""Fibre"": ""13.9"", ""Protein"": ""39.3""}",high,needs_review,"条件性宽松范围[245.6,329.0]，容差93.8；不能覆盖所有能量体系。",保留原值，人工核实；不用于自动纠错。,696036851f95fa11d0a381ccd752afc1aa8a3ecca54a1fd0cf0279ac57a3ebe7
696036851f95fa11d0a381ccd752afc1aa8a3ecca54a1fd0cf0279ac57a3ebe7:94,94,Black Coffee,UNKNOWN_PROVENANCE_AND_BASIS,{},medium,needs_review,CSV未提供来源、单位、份量或字段定义；所有营养关系检查待核实。,保留原值，人工核实；不用于自动纠错。,696036851f95fa11d0a381ccd752afc1aa8a3ecca54a1fd0cf0279ac57a3ebe7
696036851f95fa11d0a381ccd752afc1aa8a3ecca54a1fd0cf0279ac57a3ebe7:94,94,Black Coffee,SUGAR_GT_CARBS,"{""Carbohydrates"": ""20.0"", ""Sugar"": ""28.2""}",high,needs_review,前提：相同计量基准、相同单位且糖属于该碳水定义；小差异需考虑四舍五入。,保留原值，人工核实；不用于自动纠错。,696036851f95fa11d0a381ccd752afc1aa8a3ecca54a1fd0cf0279ac57a3ebe7
696036851f95fa11d0a381ccd752afc1aa8a3ecca54a1fd0cf0279ac57a3ebe7:95,95,Orange Juice,UNKNOWN_PROVENANCE_AND_BASIS,{},medium,needs_review,CSV未提供来源、单位、份量或字段定义；所有营养关系检查待核实。,保留原值，人工核实；不用于自动纠错。,696036851f95fa11d0a381ccd752afc1aa8a3ecca54a1fd0cf0279ac57a3ebe7
696036851f95fa11d0a381ccd752afc1aa8a3ecca54a1fd0cf0279ac57a3ebe7:96,96,Apple Juice,UNKNOWN_PROVENANCE_AND_BASIS,{},medium,needs_review,CSV未提供来源、单位、份量或字段定义；所有营养关系检查待核实。,保留原值，人工核实；不用于自动纠错。,696036851f95fa11d0a381ccd752afc1aa8a3ecca54a1fd0cf0279ac57a3ebe7
696036851f95fa11d0a381ccd752afc1aa8a3ecca54a1fd0cf0279ac57a3ebe7:96,96,Apple Juice,FAT_ENERGY_GT_CALORIES,"{""Calories"": ""67"", ""Fats"": ""17.1""}",high,needs_review,前提：热量为kcal、脂肪为g且同份量；9×脂肪超过标注热量，不能直接判错。,保留原值，人工核实；不用于自动纠错。,696036851f95fa11d0a381ccd752afc1aa8a3ecca54a1fd0cf0279ac57a3ebe7
696036851f95fa11d0a381ccd752afc1aa8a3ecca54a1fd0cf0279ac57a3ebe7:96,96,Apple Juice,ENERGY_449_DEVIATION,"{""Calories"": ""67"", ""Carbohydrates"": ""30.8"", ""Fats"": ""17.1"", ""Fibre"": ""7.1"", ""Protein"": ""46.9""}",medium,needs_review,条件性辅助估算E0=464.7；偏差>20%；不是自动纠错标准。,保留原值，人工核实；不用于自动纠错。,696036851f95fa11d0a381ccd752afc1aa8a3ecca54a1fd0cf0279ac57a3ebe7
696036851f95fa11d0a381ccd752afc1aa8a3ecca54a1fd0cf0279ac57a3ebe7:96,96,Apple Juice,ENERGY_FIBRE_SCREEN,"{""Calories"": ""67"", ""Carbohydrates"": ""30.8"", ""Fats"": ""17.1"", ""Fibre"": ""7.1"", ""Protein"": ""46.9""}",high,needs_review,"条件性宽松范围[436.3,478.9]，容差50；不能覆盖所有能量体系。",保留原值，人工核实；不用于自动纠错。,696036851f95fa11d0a381ccd752afc1aa8a3ecca54a1fd0cf0279ac57a3ebe7
696036851f95fa11d0a381ccd752afc1aa8a3ecca54a1fd0cf0279ac57a3ebe7:97,97,Milkshake,UNKNOWN_PROVENANCE_AND_BASIS,{},medium,needs_review,CSV未提供来源、单位、份量或字段定义；所有营养关系检查待核实。,保留原值，人工核实；不用于自动纠错。,696036851f95fa11d0a381ccd752afc1aa8a3ecca54a1fd0cf0279ac57a3ebe7
696036851f95fa11d0a381ccd752afc1aa8a3ecca54a1fd0cf0279ac57a3ebe7:97,97,Milkshake,FAT_ENERGY_GT_CALORIES,"{""Calories"": ""203"", ""Fats"": ""29.6""}",high,needs_review,前提：热量为kcal、脂肪为g且同份量；9×脂肪超过标注热量，不能直接判错。,保留原值，人工核实；不用于自动纠错。,696036851f95fa11d0a381ccd752afc1aa8a3ecca54a1fd0cf0279ac57a3ebe7
696036851f95fa11d0a381ccd752afc1aa8a3ecca54a1fd0cf0279ac57a3ebe7:97,97,Milkshake,ENERGY_449_DEVIATION,"{""Calories"": ""203"", ""Carbohydrates"": ""61.6"", ""Fats"": ""29.6"", ""Fibre"": ""13.6"", ""Protein"": ""24.3""}",medium,needs_review,条件性辅助估算E0=610.0；偏差>20%；不是自动纠错标准。,保留原值，人工核实；不用于自动纠错。,696036851f95fa11d0a381ccd752afc1aa8a3ecca54a1fd0cf0279ac57a3ebe7
696036851f95fa11d0a381ccd752afc1aa8a3ecca54a1fd0cf0279ac57a3ebe7:97,97,Milkshake,ENERGY_FIBRE_SCREEN,"{""Calories"": ""203"", ""Carbohydrates"": ""61.6"", ""Fats"": ""29.6"", ""Fibre"": ""13.6"", ""Protein"": ""24.3""}",high,needs_review,"条件性宽松范围[555.6,637.2]，容差50；不能覆盖所有能量体系。",保留原值，人工核实；不用于自动纠错。,696036851f95fa11d0a381ccd752afc1aa8a3ecca54a1fd0cf0279ac57a3ebe7
696036851f95fa11d0a381ccd752afc1aa8a3ecca54a1fd0cf0279ac57a3ebe7:98,98,Smoothie,UNKNOWN_PROVENANCE_AND_BASIS,{},medium,needs_review,CSV未提供来源、单位、份量或字段定义；所有营养关系检查待核实。,保留原值，人工核实；不用于自动纠错。,696036851f95fa11d0a381ccd752afc1aa8a3ecca54a1fd0cf0279ac57a3ebe7
696036851f95fa11d0a381ccd752afc1aa8a3ecca54a1fd0cf0279ac57a3ebe7:98,98,Smoothie,SUGAR_GT_CARBS,"{""Carbohydrates"": ""40.7"", ""Sugar"": ""41.5""}",high,needs_review,前提：相同计量基准、相同单位且糖属于该碳水定义；小差异需考虑四舍五入。,保留原值，人工核实；不用于自动纠错。,696036851f95fa11d0a381ccd752afc1aa8a3ecca54a1fd0cf0279ac57a3ebe7
696036851f95fa11d0a381ccd752afc1aa8a3ecca54a1fd0cf0279ac57a3ebe7:98,98,Smoothie,ENERGY_449_DEVIATION,"{""Calories"": ""436"", ""Carbohydrates"": ""40.7"", ""Fats"": ""3.1"", ""Fibre"": ""2.7"", ""Protein"": ""20.1""}",medium,needs_review,条件性辅助估算E0=271.1；偏差>20%；不是自动纠错标准。,保留原值，人工核实；不用于自动纠错。,696036851f95fa11d0a381ccd752afc1aa8a3ecca54a1fd0cf0279ac57a3ebe7
696036851f95fa11d0a381ccd752afc1aa8a3ecca54a1fd0cf0279ac57a3ebe7:98,98,Smoothie,ENERGY_FIBRE_SCREEN,"{""Calories"": ""436"", ""Carbohydrates"": ""40.7"", ""Fats"": ""3.1"", ""Fibre"": ""2.7"", ""Protein"": ""20.1""}",high,needs_review,"条件性宽松范围[260.3,276.5]，容差87.2；不能覆盖所有能量体系。",保留原值，人工核实；不用于自动纠错。,696036851f95fa11d0a381ccd752afc1aa8a3ecca54a1fd0cf0279ac57a3ebe7
696036851f95fa11d0a381ccd752afc1aa8a3ecca54a1fd0cf0279ac57a3ebe7:99,99,Coconut Water,UNKNOWN_PROVENANCE_AND_BASIS,{},medium,needs_review,CSV未提供来源、单位、份量或字段定义；所有营养关系检查待核实。,保留原值，人工核实；不用于自动纠错。,696036851f95fa11d0a381ccd752afc1aa8a3ecca54a1fd0cf0279ac57a3ebe7
696036851f95fa11d0a381ccd752afc1aa8a3ecca54a1fd0cf0279ac57a3ebe7:99,99,Coconut Water,ENERGY_449_DEVIATION,"{""Calories"": ""57"", ""Carbohydrates"": ""53.7"", ""Fats"": ""5.1"", ""Fibre"": ""5.0"", ""Protein"": ""6.5""}",medium,needs_review,条件性辅助估算E0=286.7；偏差>20%；不是自动纠错标准。,保留原值，人工核实；不用于自动纠错。,696036851f95fa11d0a381ccd752afc1aa8a3ecca54a1fd0cf0279ac57a3ebe7
696036851f95fa11d0a381ccd752afc1aa8a3ecca54a1fd0cf0279ac57a3ebe7:99,99,Coconut Water,ENERGY_FIBRE_SCREEN,"{""Calories"": ""57"", ""Carbohydrates"": ""53.7"", ""Fats"": ""5.1"", ""Fibre"": ""5.0"", ""Protein"": ""6.5""}",high,needs_review,"条件性宽松范围[266.7,296.7]，容差50；不能覆盖所有能量体系。",保留原值，人工核实；不用于自动纠错。,696036851f95fa11d0a381ccd752afc1aa8a3ecca54a1fd0cf0279ac57a3ebe7
696036851f95fa11d0a381ccd752afc1aa8a3ecca54a1fd0cf0279ac57a3ebe7:100,100,Almond Milk,UNKNOWN_PROVENANCE_AND_BASIS,{},medium,needs_review,CSV未提供来源、单位、份量或字段定义；所有营养关系检查待核实。,保留原值，人工核实；不用于自动纠错。,696036851f95fa11d0a381ccd752afc1aa8a3ecca54a1fd0cf0279ac57a3ebe7
696036851f95fa11d0a381ccd752afc1aa8a3ecca54a1fd0cf0279ac57a3ebe7:100,100,Almond Milk,SUGAR_GT_CARBS,"{""Carbohydrates"": ""17.8"", ""Sugar"": ""21.0""}",high,needs_review,前提：相同计量基准、相同单位且糖属于该碳水定义；小差异需考虑四舍五入。,保留原值，人工核实；不用于自动纠错。,696036851f95fa11d0a381ccd752afc1aa8a3ecca54a1fd0cf0279ac57a3ebe7
696036851f95fa11d0a381ccd752afc1aa8a3ecca54a1fd0cf0279ac57a3ebe7:100,100,Almond Milk,FAT_ENERGY_GT_CALORIES,"{""Calories"": ""145"", ""Fats"": ""22.8""}",high,needs_review,前提：热量为kcal、脂肪为g且同份量；9×脂肪超过标注热量，不能直接判错。,保留原值，人工核实；不用于自动纠错。,696036851f95fa11d0a381ccd752afc1aa8a3ecca54a1fd0cf0279ac57a3ebe7
696036851f95fa11d0a381ccd752afc1aa8a3ecca54a1fd0cf0279ac57a3ebe7:100,100,Almond Milk,ENERGY_449_DEVIATION,"{""Calories"": ""145"", ""Carbohydrates"": ""17.8"", ""Fats"": ""22.8"", ""Fibre"": ""12.4"", ""Protein"": ""8.7""}",medium,needs_review,条件性辅助估算E0=311.2；偏差>20%；不是自动纠错标准。,保留原值，人工核实；不用于自动纠错。,696036851f95fa11d0a381ccd752afc1aa8a3ecca54a1fd0cf0279ac57a3ebe7
696036851f95fa11d0a381ccd752afc1aa8a3ecca54a1fd0cf0279ac57a3ebe7:100,100,Almond Milk,ENERGY_FIBRE_SCREEN,"{""Calories"": ""145"", ""Carbohydrates"": ""17.8"", ""Fats"": ""22.8"", ""Fibre"": ""12.4"", ""Protein"": ""8.7""}",high,needs_review,"条件性宽松范围[261.6,336.0]，容差50；不能覆盖所有能量体系。",保留原值，人工核实；不用于自动纠错。,696036851f95fa11d0a381ccd752afc1aa8a3ecca54a1fd0cf0279ac57a3ebe7
