record_id,csv_line,food_name,source_sha256,data_source,source_version,source_updated_at,serving_quantity,serving_unit,nutrition_basis,energy_unit,nutrient_units,carbohydrate_definition,sugar_definition,review_status,reviewer,reviewed_at,import_method,ocr_document_id,ocr_page,ocr_region,ocr_engine,ocr_engine_version,ocr_confidence,ocr_raw_text,evidence_reference
696036851f95fa11d0a381ccd752afc1aa8a3ecca54a1fd0cf0279ac57a3ebe7:2,2,Chicken Breast,696036851f95fa11d0a381ccd752afc1aa8a3ecca54a1fd0cf0279ac57a3ebe7,,,,,,,,,,,needs_review,,,legacy_csv,,,,,,,,
696036851f95fa11d0a381ccd752afc1aa8a3ecca54a1fd0cf0279ac57a3ebe7:3,3,Salmon,696036851f95fa11d0a381ccd752afc1aa8a3ecca54a1fd0cf0279ac57a3ebe7,,,,,,,,,,,needs_review,,,legacy_csv,,,,,,,,
696036851f95fa11d0a381ccd752afc1aa8a3ecca54a1fd0cf0279ac57a3ebe7:4,4,Eggs,696036851f95fa11d0a381ccd752afc1aa8a3ecca54a1fd0cf0279ac57a3ebe7,,,,,,,,,,,needs_review,,,legacy_csv,,,,,,,,
696036851f95fa11d0a381ccd752afc1aa8a3ecca54a1fd0cf0279ac57a3ebe7:5,5,Tofu,696036851f95fa11d0a381ccd752afc1aa8a3ecca54a1fd0cf0279ac57a3ebe7,,,,,,,,,,,needs_review,,,legacy_csv,,,,,,,,
696036851f95fa11d0a381ccd752afc1aa8a3ecca54a1fd0cf0279ac57a3ebe7:6,6,Lentils,696036851f95fa11d0a381ccd752afc1aa8a3ecca54a1fd0cf0279ac57a3ebe7,,,,,,,,,,,needs_review,,,legacy_csv,,,,,,,,
696036851f95fa11d0a381ccd752afc1aa8a3ecca54a1fd0cf0279ac57a3ebe7:7,7,Beef,696036851f95fa11d0a381ccd752afc1aa8a3ecca54a1fd0cf0279ac57a3ebe7,,,,,,,,,,,needs_review,,,legacy_csv,,,,,,,,
696036851f95fa11d0a381ccd752afc1aa8a3ecca54a1fd0cf0279ac57a3ebe7:8,8,Pork Chop,696036851f95fa11d0a381ccd752afc1aa8a3ecca54a1fd0cf0279ac57a3ebe7,,,,,,,,,,,needs_review,,,legacy_csv,,,,,,,,
696036851f95fa11d0a381ccd752afc1aa8a3ecca54a1fd0cf0279ac57a3ebe7:9,9,Turkey,696036851f95fa11d0a381ccd752afc1aa8a3ecca54a1fd0cf0279ac57a3ebe7,,,,,,,,,,,needs_review,,,legacy_csv,,,,,,,,
696036851f95fa11d0a381ccd752afc1aa8a3ecca54a1fd0cf0279ac57a3ebe7:10,10,Shrimp,696036851f95fa11d0a381ccd752afc1aa8a3ecca54a1fd0cf0279ac57a3ebe7,,,,,,,,,,,needs_review,,,legacy_csv,,,,,,,,
696036851f95fa11d0a381ccd752afc1aa8a3ecca54a1fd0cf0279ac57a3ebe7:11,11,Tuna,696036851f95fa11d0a381ccd752afc1aa8a3ecca54a1fd0cf0279ac57a3ebe7,,,,,,,,,,,needs_review,,,legacy_csv,,,,,,,,
696036851f95fa11d0a381ccd752afc1aa8a3ecca54a1fd0cf0279ac57a3ebe7:12,12,Greek Yogurt,696036851f95fa11d0a381ccd752afc1aa8a3ecca54a1fd0cf0279ac57a3ebe7,,,,,,,,,,,needs_review,,,legacy_csv,,,,,,,,
696036851f95fa11d0a381ccd752afc1aa8a3ecca54a1fd0cf0279ac57a3ebe7:13,13,Cottage Cheese,696036851f95fa11d0a381ccd752afc1aa8a3ecca54a1fd0cf0279ac57a3ebe7,,,,,,,,,,,needs_review,,,legacy_csv,,,,,,,,
696036851f95fa11d0a381ccd752afc1aa8a3ecca54a1fd0cf0279ac57a3ebe7:14,14,Almonds,696036851f95fa11d0a381ccd752afc1aa8a3ecca54a1fd0cf0279ac57a3ebe7,,,,,,,,,,,needs_review,,,legacy_csv,,,,,,,,
696036851f95fa11d0a381ccd752afc1aa8a3ecca54a1fd0cf0279ac57a3ebe7:15,15,Peanut Butter,696036851f95fa11d0a381ccd752afc1aa8a3ecca54a1fd0cf0279ac57a3ebe7,,,,,,,,,,,needs_review,,,legacy_csv,,,,,,,,
696036851f95fa11d0a381ccd752afc1aa8a3ecca54a1fd0cf0279ac57a3ebe7:16,16,Walnuts,696036851f95fa11d0a381ccd752afc1aa8a3ecca54a1fd0cf0279ac57a3ebe7,,,,,,,,,,,needs_review,,,legacy_csv,,,,,,,,
696036851f95fa11d0a381ccd752afc1aa8a3ecca54a1fd0cf0279ac57a3ebe7:17,17,Chia Seeds,696036851f95fa11d0a381ccd752afc1aa8a3ecca54a1fd0cf0279ac57a3ebe7,,,,,,,,,,,needs_review,,,legacy_csv,,,,,,,,
696036851f95fa11d0a381ccd752afc1aa8a3ecca54a1fd0cf0279ac57a3ebe7:18,18,Sunflower Seeds,696036851f95fa11d0a381ccd752afc1aa8a3ecca54a1fd0cf0279ac57a3ebe7,,,,,,,,,,,needs_review,,,legacy_csv,,,,,,,,
696036851f95fa11d0a381ccd752afc1aa8a3ecca54a1fd0cf0279ac57a3ebe7:19,19,Chickpeas,696036851f95fa11d0a381ccd752afc1aa8a3ecca54a1fd0cf0279ac57a3ebe7,,,,,,,,,,,needs_review,,,legacy_csv,,,,,,,,
696036851f95fa11d0a381ccd752afc1aa8a3ecca54a1fd0cf0279ac57a3ebe7:20,20,Brown Rice,696036851f95fa11d0a381ccd752afc1aa8a3ecca54a1fd0cf0279ac57a3ebe7,,,,,,,,,,,needs_review,,,legacy_csv,,,,,,,,
696036851f95fa11d0a381ccd752afc1aa8a3ecca54a1fd0cf0279ac57a3ebe7:21,21,Quinoa,696036851f95fa11d0a381ccd752afc1aa8a3ecca54a1fd0cf0279ac57a3ebe7,,,,,,,,,,,needs_review,,,legacy_csv,,,,,,,,
696036851f95fa11d0a381ccd752afc1aa8a3ecca54a1fd0cf0279ac57a3ebe7:22,22,Oats,696036851f95fa11d0a381ccd752afc1aa8a3ecca54a1fd0cf0279ac57a3ebe7,,,,,,,,,,,needs_review,,,legacy_csv,,,,,,,,
696036851f95fa11d0a381ccd752afc1aa8a3ecca54a1fd0cf0279ac57a3ebe7:23,23,Whole Wheat Bread,696036851f95fa11d0a381ccd752afc1aa8a3ecca54a1fd0cf0279ac57a3ebe7,,,,,,,,,,,needs_review,,,legacy_csv,,,,,,,,
696036851f95fa11d0a381ccd752afc1aa8a3ecca54a1fd0cf0279ac57a3ebe7:24,24,Barley,696036851f95fa11d0a381ccd752afc1aa8a3ecca54a1fd0cf0279ac57a3ebe7,,,,,,,,,,,needs_review,,,legacy_csv,,,,,,,,
696036851f95fa11d0a381ccd752afc1aa8a3ecca54a1fd0cf0279ac57a3ebe7:25,25,Cornmeal,696036851f95fa11d0a381ccd752afc1aa8a3ecca54a1fd0cf0279ac57a3ebe7,,,,,,,,,,,needs_review,,,legacy_csv,,,,,,,,
696036851f95fa11d0a381ccd752afc1aa8a3ecca54a1fd0cf0279ac57a3ebe7:26,26,Millet,696036851f95fa11d0a381ccd752afc1aa8a3ecca54a1fd0cf0279ac57a3ebe7,,,,,,,,,,,needs_review,,,legacy_csv,,,,,,,,
696036851f95fa11d0a381ccd752afc1aa8a3ecca54a1fd0cf0279ac57a3ebe7:27,27,Buckwheat,696036851f95fa11d0a381ccd752afc1aa8a3ecca54a1fd0cf0279ac57a3ebe7,,,,,,,,,,,needs_review,,,legacy_csv,,,,,,,,
696036851f95fa11d0a381ccd752afc1aa8a3ecca54a1fd0cf0279ac57a3ebe7:28,28,Couscous,696036851f95fa11d0a381ccd752afc1aa8a3ecca54a1fd0cf0279ac57a3ebe7,,,,,,,,,,,needs_review,,,legacy_csv,,,,,,,,
696036851f95fa11d0a381ccd752afc1aa8a3ecca54a1fd0cf0279ac57a3ebe7:29,29,Broccoli,696036851f95fa11d0a381ccd752afc1aa8a3ecca54a1fd0cf0279ac57a3ebe7,,,,,,,,,,,needs_review,,,legacy_csv,,,,,,,,
696036851f95fa11d0a381ccd752afc1aa8a3ecca54a1fd0cf0279ac57a3ebe7:30,30,Spinach,696036851f95fa11d0a381ccd752afc1aa8a3ecca54a1fd0cf0279ac57a3ebe7,,,,,,,,,,,needs_review,,,legacy_csv,,,,,,,,
696036851f95fa11d0a381ccd752afc1aa8a3ecca54a1fd0cf0279ac57a3ebe7:31,31,Carrots,696036851f95fa11d0a381ccd752afc1aa8a3ecca54a1fd0cf0279ac57a3ebe7,,,,,,,,,,,needs_review,,,legacy_csv,,,,,,,,
696036851f95fa11d0a381ccd752afc1aa8a3ecca54a1fd0cf0279ac57a3ebe7:32,32,Bell Peppers,696036851f95fa11d0a381ccd752afc1aa8a3ecca54a1fd0cf0279ac57a3ebe7,,,,,,,,,,,needs_review,,,legacy_csv,,,,,,,,
696036851f95fa11d0a381ccd752afc1aa8a3ecca54a1fd0cf0279ac57a3ebe7:33,33,Tomatoes,696036851f95fa11d0a381ccd752afc1aa8a3ecca54a1fd0cf0279ac57a3ebe7,,,,,,,,,,,needs_review,,,legacy_csv,,,,,,,,
696036851f95fa11d0a381ccd752afc1aa8a3ecca54a1fd0cf0279ac57a3ebe7:34,34,Cabbage,696036851f95fa11d0a381ccd752afc1aa8a3ecca54a1fd0cf0279ac57a3ebe7,,,,,,,,,,,needs_review,,,legacy_csv,,,,,,,,
696036851f95fa11d0a381ccd752afc1aa8a3ecca54a1fd0cf0279ac57a3ebe7:35,35,Cucumber,696036851f95fa11d0a381ccd752afc1aa8a3ecca54a1fd0cf0279ac57a3ebe7,,,,,,,,,,,needs_review,,,legacy_csv,,,,,,,,
696036851f95fa11d0a381ccd752afc1aa8a3ecca54a1fd0cf0279ac57a3ebe7:36,36,Cauliflower,696036851f95fa11d0a381ccd752afc1aa8a3ecca54a1fd0cf0279ac57a3ebe7,,,,,,,,,,,needs_review,,,legacy_csv,,,,,,,,
696036851f95fa11d0a381ccd752afc1aa8a3ecca54a1fd0cf0279ac57a3ebe7:37,37,Mushrooms,696036851f95fa11d0a381ccd752afc1aa8a3ecca54a1fd0cf0279ac57a3ebe7,,,,,,,,,,,needs_review,,,legacy_csv,,,,,,,,
696036851f95fa11d0a381ccd752afc1aa8a3ecca54a1fd0cf0279ac57a3ebe7:38,38,Zucchini,696036851f95fa11d0a381ccd752afc1aa8a3ecca54a1fd0cf0279ac57a3ebe7,,,,,,,,,,,needs_review,,,legacy_csv,,,,,,,,
696036851f95fa11d0a381ccd752afc1aa8a3ecca54a1fd0cf0279ac57a3ebe7:39,39,Eggplant,696036851f95fa11d0a381ccd752afc1aa8a3ecca54a1fd0cf0279ac57a3ebe7,,,,,,,,,,,needs_review,,,legacy_csv,,,,,,,,
696036851f95fa11d0a381ccd752afc1aa8a3ecca54a1fd0cf0279ac57a3ebe7:40,40,Green Beans,696036851f95fa11d0a381ccd752afc1aa8a3ecca54a1fd0cf0279ac57a3ebe7,,,,,,,,,,,needs_review,,,legacy_csv,,,,,,,,
696036851f95fa11d0a381ccd752afc1aa8a3ecca54a1fd0cf0279ac57a3ebe7:41,41,Sweet Potato,696036851f95fa11d0a381ccd752afc1aa8a3ecca54a1fd0cf0279ac57a3ebe7,,,,,,,,,,,needs_review,,,legacy_csv,,,,,,,,
696036851f95fa11d0a381ccd752afc1aa8a3ecca54a1fd0cf0279ac57a3ebe7:42,42,Asparagus,696036851f95fa11d0a381ccd752afc1aa8a3ecca54a1fd0cf0279ac57a3ebe7,,,,,,,,,,,needs_review,,,legacy_csv,,,,,,,,
696036851f95fa11d0a381ccd752afc1aa8a3ecca54a1fd0cf0279ac57a3ebe7:43,43,Lettuce,696036851f95fa11d0a381ccd752afc1aa8a3ecca54a1fd0cf0279ac57a3ebe7,,,,,,,,,,,needs_review,,,legacy_csv,,,,,,,,
696036851f95fa11d0a381ccd752afc1aa8a3ecca54a1fd0cf0279ac57a3ebe7:44,44,Onion,696036851f95fa11d0a381ccd752afc1aa8a3ecca54a1fd0cf0279ac57a3ebe7,,,,,,,,,,,needs_review,,,legacy_csv,,,,,,,,
696036851f95fa11d0a381ccd752afc1aa8a3ecca54a1fd0cf0279ac57a3ebe7:45,45,Garlic,696036851f95fa11d0a381ccd752afc1aa8a3ecca54a1fd0cf0279ac57a3ebe7,,,,,,,,,,,needs_review,,,legacy_csv,,,,,,,,
696036851f95fa11d0a381ccd752afc1aa8a3ecca54a1fd0cf0279ac57a3ebe7:46,46,Kale,696036851f95fa11d0a381ccd752afc1aa8a3ecca54a1fd0cf0279ac57a3ebe7,,,,,,,,,,,needs_review,,,legacy_csv,,,,,,,,
696036851f95fa11d0a381ccd752afc1aa8a3ecca54a1fd0cf0279ac57a3ebe7:47,47,Brussels Sprouts,696036851f95fa11d0a381ccd752afc1aa8a3ecca54a1fd0cf0279ac57a3ebe7,,,,,,,,,,,needs_review,,,legacy_csv,,,,,,,,
696036851f95fa11d0a381ccd752afc1aa8a3ecca54a1fd0cf0279ac57a3ebe7:48,48,Peas,696036851f95fa11d0a381ccd752afc1aa8a3ecca54a1fd0cf0279ac57a3ebe7,,,,,,,,,,,needs_review,,,legacy_csv,,,,,,,,
696036851f95fa11d0a381ccd752afc1aa8a3ecca54a1fd0cf0279ac57a3ebe7:49,49,Banana,696036851f95fa11d0a381ccd752afc1aa8a3ecca54a1fd0cf0279ac57a3ebe7,,,,,,,,,,,needs_review,,,legacy_csv,,,,,,,,
696036851f95fa11d0a381ccd752afc1aa8a3ecca54a1fd0cf0279ac57a3ebe7:50,50,Apple,696036851f95fa11d0a381ccd752afc1aa8a3ecca54a1fd0cf0279ac57a3ebe7,,,,,,,,,,,needs_review,,,legacy_csv,,,,,,,,
696036851f95fa11d0a381ccd752afc1aa8a3ecca54a1fd0cf0279ac57a3ebe7:51,51,Orange,696036851f95fa11d0a381ccd752afc1aa8a3ecca54a1fd0cf0279ac57a3ebe7,,,,,,,,,,,needs_review,,,legacy_csv,,,,,,,,
696036851f95fa11d0a381ccd752afc1aa8a3ecca54a1fd0cf0279ac57a3ebe7:52,52,Strawberries,696036851f95fa11d0a381ccd752afc1aa8a3ecca54a1fd0cf0279ac57a3ebe7,,,,,,,,,,,needs_review,,,legacy_csv,,,,,,,,
696036851f95fa11d0a381ccd752afc1aa8a3ecca54a1fd0cf0279ac57a3ebe7:53,53,Blueberries,696036851f95fa11d0a381ccd752afc1aa8a3ecca54a1fd0cf0279ac57a3ebe7,,,,,,,,,,,needs_review,,,legacy_csv,,,,,,,,
696036851f95fa11d0a381ccd752afc1aa8a3ecca54a1fd0cf0279ac57a3ebe7:54,54,Pineapple,696036851f95fa11d0a381ccd752afc1aa8a3ecca54a1fd0cf0279ac57a3ebe7,,,,,,,,,,,needs_review,,,legacy_csv,,,,,,,,
696036851f95fa11d0a381ccd752afc1aa8a3ecca54a1fd0cf0279ac57a3ebe7:55,55,Mango,696036851f95fa11d0a381ccd752afc1aa8a3ecca54a1fd0cf0279ac57a3ebe7,,,,,,,,,,,needs_review,,,legacy_csv,,,,,,,,
696036851f95fa11d0a381ccd752afc1aa8a3ecca54a1fd0cf0279ac57a3ebe7:56,56,Grapes,696036851f95fa11d0a381ccd752afc1aa8a3ecca54a1fd0cf0279ac57a3ebe7,,,,,,,,,,,needs_review,,,legacy_csv,,,,,,,,
696036851f95fa11d0a381ccd752afc1aa8a3ecca54a1fd0cf0279ac57a3ebe7:57,57,Watermelon,696036851f95fa11d0a381ccd752afc1aa8a3ecca54a1fd0cf0279ac57a3ebe7,,,,,,,,,,,needs_review,,,legacy_csv,,,,,,,,
696036851f95fa11d0a381ccd752afc1aa8a3ecca54a1fd0cf0279ac57a3ebe7:58,58,Avocado,696036851f95fa11d0a381ccd752afc1aa8a3ecca54a1fd0cf0279ac57a3ebe7,,,,,,,,,,,needs_review,,,legacy_csv,,,,,,,,
696036851f95fa11d0a381ccd752afc1aa8a3ecca54a1fd0cf0279ac57a3ebe7:59,59,Papaya,696036851f95fa11d0a381ccd752afc1aa8a3ecca54a1fd0cf0279ac57a3ebe7,,,,,,,,,,,needs_review,,,legacy_csv,,,,,,,,
696036851f95fa11d0a381ccd752afc1aa8a3ecca54a1fd0cf0279ac57a3ebe7:60,60,Pomegranate,696036851f95fa11d0a381ccd752afc1aa8a3ecca54a1fd0cf0279ac57a3ebe7,,,,,,,,,,,needs_review,,,legacy_csv,,,,,,,,
696036851f95fa11d0a381ccd752afc1aa8a3ecca54a1fd0cf0279ac57a3ebe7:61,61,Kiwi,696036851f95fa11d0a381ccd752afc1aa8a3ecca54a1fd0cf0279ac57a3ebe7,,,,,,,,,,,needs_review,,,legacy_csv,,,,,,,,
696036851f95fa11d0a381ccd752afc1aa8a3ecca54a1fd0cf0279ac57a3ebe7:62,62,Peach,696036851f95fa11d0a381ccd752afc1aa8a3ecca54a1fd0cf0279ac57a3ebe7,,,,,,,,,,,needs_review,,,legacy_csv,,,,,,,,
696036851f95fa11d0a381ccd752afc1aa8a3ecca54a1fd0cf0279ac57a3ebe7:63,63,Plum,696036851f95fa11d0a381ccd752afc1aa8a3ecca54a1fd0cf0279ac57a3ebe7,,,,,,,,,,,needs_review,,,legacy_csv,,,,,,,,
696036851f95fa11d0a381ccd752afc1aa8a3ecca54a1fd0cf0279ac57a3ebe7:64,64,Cherries,696036851f95fa11d0a381ccd752afc1aa8a3ecca54a1fd0cf0279ac57a3ebe7,,,,,,,,,,,needs_review,,,legacy_csv,,,,,,,,
696036851f95fa11d0a381ccd752afc1aa8a3ecca54a1fd0cf0279ac57a3ebe7:65,65,Cranberries,696036851f95fa11d0a381ccd752afc1aa8a3ecca54a1fd0cf0279ac57a3ebe7,,,,,,,,,,,needs_review,,,legacy_csv,,,,,,,,
696036851f95fa11d0a381ccd752afc1aa8a3ecca54a1fd0cf0279ac57a3ebe7:66,66,Raspberry,696036851f95fa11d0a381ccd752afc1aa8a3ecca54a1fd0cf0279ac57a3ebe7,,,,,,,,,,,needs_review,,,legacy_csv,,,,,,,,
696036851f95fa11d0a381ccd752afc1aa8a3ecca54a1fd0cf0279ac57a3ebe7:67,67,Blackberry,696036851f95fa11d0a381ccd752afc1aa8a3ecca54a1fd0cf0279ac57a3ebe7,,,,,,,,,,,needs_review,,,legacy_csv,,,,,,,,
696036851f95fa11d0a381ccd752afc1aa8a3ecca54a1fd0cf0279ac57a3ebe7:68,68,Dates,696036851f95fa11d0a381ccd752afc1aa8a3ecca54a1fd0cf0279ac57a3ebe7,,,,,,,,,,,needs_review,,,legacy_csv,,,,,,,,
696036851f95fa11d0a381ccd752afc1aa8a3ecca54a1fd0cf0279ac57a3ebe7:69,69,Milk,696036851f95fa11d0a381ccd752afc1aa8a3ecca54a1fd0cf0279ac57a3ebe7,,,,,,,,,,,needs_review,,,legacy_csv,,,,,,,,
696036851f95fa11d0a381ccd752afc1aa8a3ecca54a1fd0cf0279ac57a3ebe7:70,70,Cheddar Cheese,696036851f95fa11d0a381ccd752afc1aa8a3ecca54a1fd0cf0279ac57a3ebe7,,,,,,,,,,,needs_review,,,legacy_csv,,,,,,,,
696036851f95fa11d0a381ccd752afc1aa8a3ecca54a1fd0cf0279ac57a3ebe7:71,71,Mozzarella,696036851f95fa11d0a381ccd752afc1aa8a3ecca54a1fd0cf0279ac57a3ebe7,,,,,,,,,,,needs_review,,,legacy_csv,,,,,,,,
696036851f95fa11d0a381ccd752afc1aa8a3ecca54a1fd0cf0279ac57a3ebe7:72,72,Butter,696036851f95fa11d0a381ccd752afc1aa8a3ecca54a1fd0cf0279ac57a3ebe7,,,,,,,,,,,needs_review,,,legacy_csv,,,,,,,,
696036851f95fa11d0a381ccd752afc1aa8a3ecca54a1fd0cf0279ac57a3ebe7:73,73,Cream Cheese,696036851f95fa11d0a381ccd752afc1aa8a3ecca54a1fd0cf0279ac57a3ebe7,,,,,,,,,,,needs_review,,,legacy_csv,,,,,,,,
696036851f95fa11d0a381ccd752afc1aa8a3ecca54a1fd0cf0279ac57a3ebe7:74,74,Parmesan,696036851f95fa11d0a381ccd752afc1aa8a3ecca54a1fd0cf0279ac57a3ebe7,,,,,,,,,,,needs_review,,,legacy_csv,,,,,,,,
696036851f95fa11d0a381ccd752afc1aa8a3ecca54a1fd0cf0279ac57a3ebe7:75,75,Yogurt,696036851f95fa11d0a381ccd752afc1aa8a3ecca54a1fd0cf0279ac57a3ebe7,,,,,,,,,,,needs_review,,,legacy_csv,,,,,,,,
696036851f95fa11d0a381ccd752afc1aa8a3ecca54a1fd0cf0279ac57a3ebe7:76,76,Buttermilk,696036851f95fa11d0a381ccd752afc1aa8a3ecca54a1fd0cf0279ac57a3ebe7,,,,,,,,,,,needs_review,,,legacy_csv,,,,,,,,
696036851f95fa11d0a381ccd752afc1aa8a3ecca54a1fd0cf0279ac57a3ebe7:77,77,Cashews,696036851f95fa11d0a381ccd752afc1aa8a3ecca54a1fd0cf0279ac57a3ebe7,,,,,,,,,,,needs_review,,,legacy_csv,,,,,,,,
696036851f95fa11d0a381ccd752afc1aa8a3ecca54a1fd0cf0279ac57a3ebe7:78,78,Macadamia Nuts,696036851f95fa11d0a381ccd752afc1aa8a3ecca54a1fd0cf0279ac57a3ebe7,,,,,,,,,,,needs_review,,,legacy_csv,,,,,,,,
696036851f95fa11d0a381ccd752afc1aa8a3ecca54a1fd0cf0279ac57a3ebe7:79,79,Pecans,696036851f95fa11d0a381ccd752afc1aa8a3ecca54a1fd0cf0279ac57a3ebe7,,,,,,,,,,,needs_review,,,legacy_csv,,,,,,,,
696036851f95fa11d0a381ccd752afc1aa8a3ecca54a1fd0cf0279ac57a3ebe7:80,80,Brazil Nuts,696036851f95fa11d0a381ccd752afc1aa8a3ecca54a1fd0cf0279ac57a3ebe7,,,,,,,,,,,needs_review,,,legacy_csv,,,,,,,,
696036851f95fa11d0a381ccd752afc1aa8a3ecca54a1fd0cf0279ac57a3ebe7:81,81,Flax Seeds,696036851f95fa11d0a381ccd752afc1aa8a3ecca54a1fd0cf0279ac57a3ebe7,,,,,,,,,,,needs_review,,,legacy_csv,,,,,,,,
696036851f95fa11d0a381ccd752afc1aa8a3ecca54a1fd0cf0279ac57a3ebe7:82,82,Hemp Seeds,696036851f95fa11d0a381ccd752afc1aa8a3ecca54a1fd0cf0279ac57a3ebe7,,,,,,,,,,,needs_review,,,legacy_csv,,,,,,,,
696036851f95fa11d0a381ccd752afc1aa8a3ecca54a1fd0cf0279ac57a3ebe7:83,83,Sesame Seeds,696036851f95fa11d0a381ccd752afc1aa8a3ecca54a1fd0cf0279ac57a3ebe7,,,,,,,,,,,needs_review,,,legacy_csv,,,,,,,,
696036851f95fa11d0a381ccd752afc1aa8a3ecca54a1fd0cf0279ac57a3ebe7:84,84,Pumpkin Seeds,696036851f95fa11d0a381ccd752afc1aa8a3ecca54a1fd0cf0279ac57a3ebe7,,,,,,,,,,,needs_review,,,legacy_csv,,,,,,,,
696036851f95fa11d0a381ccd752afc1aa8a3ecca54a1fd0cf0279ac57a3ebe7:85,85,Sardines,696036851f95fa11d0a381ccd752afc1aa8a3ecca54a1fd0cf0279ac57a3ebe7,,,,,,,,,,,needs_review,,,legacy_csv,,,,,,,,
696036851f95fa11d0a381ccd752afc1aa8a3ecca54a1fd0cf0279ac57a3ebe7:86,86,Mackerel,696036851f95fa11d0a381ccd752afc1aa8a3ecca54a1fd0cf0279ac57a3ebe7,,,,,,,,,,,needs_review,,,legacy_csv,,,,,,,,
696036851f95fa11d0a381ccd752afc1aa8a3ecca54a1fd0cf0279ac57a3ebe7:87,87,Lobster,696036851f95fa11d0a381ccd752afc1aa8a3ecca54a1fd0cf0279ac57a3ebe7,,,,,,,,,,,needs_review,,,legacy_csv,,,,,,,,
696036851f95fa11d0a381ccd752afc1aa8a3ecca54a1fd0cf0279ac57a3ebe7:88,88,Crab,696036851f95fa11d0a381ccd752afc1aa8a3ecca54a1fd0cf0279ac57a3ebe7,,,,,,,,,,,needs_review,,,legacy_csv,,,,,,,,
696036851f95fa11d0a381ccd752afc1aa8a3ecca54a1fd0cf0279ac57a3ebe7:89,89,Oysters,696036851f95fa11d0a381ccd752afc1aa8a3ecca54a1fd0cf0279ac57a3ebe7,,,,,,,,,,,needs_review,,,legacy_csv,,,,,,,,
696036851f95fa11d0a381ccd752afc1aa8a3ecca54a1fd0cf0279ac57a3ebe7:90,90,Clams,696036851f95fa11d0a381ccd752afc1aa8a3ecca54a1fd0cf0279ac57a3ebe7,,,,,,,,,,,needs_review,,,legacy_csv,,,,,,,,
696036851f95fa11d0a381ccd752afc1aa8a3ecca54a1fd0cf0279ac57a3ebe7:91,91,Squid,696036851f95fa11d0a381ccd752afc1aa8a3ecca54a1fd0cf0279ac57a3ebe7,,,,,,,,,,,needs_review,,,legacy_csv,,,,,,,,
696036851f95fa11d0a381ccd752afc1aa8a3ecca54a1fd0cf0279ac57a3ebe7:92,92,Scallops,696036851f95fa11d0a381ccd752afc1aa8a3ecca54a1fd0cf0279ac57a3ebe7,,,,,,,,,,,needs_review,,,legacy_csv,,,,,,,,
696036851f95fa11d0a381ccd752afc1aa8a3ecca54a1fd0cf0279ac57a3ebe7:93,93,Green Tea,696036851f95fa11d0a381ccd752afc1aa8a3ecca54a1fd0cf0279ac57a3ebe7,,,,,,,,,,,needs_review,,,legacy_csv,,,,,,,,
696036851f95fa11d0a381ccd752afc1aa8a3ecca54a1fd0cf0279ac57a3ebe7:94,94,Black Coffee,696036851f95fa11d0a381ccd752afc1aa8a3ecca54a1fd0cf0279ac57a3ebe7,,,,,,,,,,,needs_review,,,legacy_csv,,,,,,,,
696036851f95fa11d0a381ccd752afc1aa8a3ecca54a1fd0cf0279ac57a3ebe7:95,95,Orange Juice,696036851f95fa11d0a381ccd752afc1aa8a3ecca54a1fd0cf0279ac57a3ebe7,,,,,,,,,,,needs_review,,,legacy_csv,,,,,,,,
696036851f95fa11d0a381ccd752afc1aa8a3ecca54a1fd0cf0279ac57a3ebe7:96,96,Apple Juice,696036851f95fa11d0a381ccd752afc1aa8a3ecca54a1fd0cf0279ac57a3ebe7,,,,,,,,,,,needs_review,,,legacy_csv,,,,,,,,
696036851f95fa11d0a381ccd752afc1aa8a3ecca54a1fd0cf0279ac57a3ebe7:97,97,Milkshake,696036851f95fa11d0a381ccd752afc1aa8a3ecca54a1fd0cf0279ac57a3ebe7,,,,,,,,,,,needs_review,,,legacy_csv,,,,,,,,
696036851f95fa11d0a381ccd752afc1aa8a3ecca54a1fd0cf0279ac57a3ebe7:98,98,Smoothie,696036851f95fa11d0a381ccd752afc1aa8a3ecca54a1fd0cf0279ac57a3ebe7,,,,,,,,,,,needs_review,,,legacy_csv,,,,,,,,
696036851f95fa11d0a381ccd752afc1aa8a3ecca54a1fd0cf0279ac57a3ebe7:99,99,Coconut Water,696036851f95fa11d0a381ccd752afc1aa8a3ecca54a1fd0cf0279ac57a3ebe7,,,,,,,,,,,needs_review,,,legacy_csv,,,,,,,,
696036851f95fa11d0a381ccd752afc1aa8a3ecca54a1fd0cf0279ac57a3ebe7:100,100,Almond Milk,696036851f95fa11d0a381ccd752afc1aa8a3ecca54a1fd0cf0279ac57a3ebe7,,,,,,,,,,,needs_review,,,legacy_csv,,,,,,,,
